"Time.ms","hearing_status_participant","value_cat","mean_prop_looking","ci_low","ci_high"
"0","deaf","Distractor",0,0,0
"0","deaf","Signer",1,0,0
"0","deaf","Target",0,0,0
"0","hearing","Distractor",0,0,0
"0","hearing","Signer",1,0,0
"0","hearing","Target",0,0,0
"33","deaf","Distractor",0,0,0
"33","deaf","Signer",1,0,0
"33","deaf","Target",0,0,0
"33","hearing","Distractor",0,0,0
"33","hearing","Signer",1,0,0
"33","hearing","Target",0,0,0
"67","deaf","Distractor",0,0,0
"67","deaf","Signer",1,0,0
"67","deaf","Target",0,0,0
"67","hearing","Distractor",0,0,0
"67","hearing","Signer",1,0,0
"67","hearing","Target",0,0,0
"100","deaf","Distractor",0,0,0
"100","deaf","Signer",0.9921875,0.015625,0.0078125
"100","deaf","Target",0.0078125,0.0078125,0.015625
"100","hearing","Distractor",0.00769230769230769,0.00769230769230769,0.0153846153846154
"100","hearing","Signer",0.992307692307692,0.0153846153846154,0.00769230769230766
"100","hearing","Target",0,0,0
"133","deaf","Distractor",0.00284090909090909,0.00284090909090909,0.00568181818181818
"133","deaf","Signer",0.989346590909091,0.0184659090909091,0.0106534090909091
"133","deaf","Target",0.0078125,0.0078125,0.015625
"133","hearing","Distractor",0.00769230769230769,0.00769230769230769,0.0153846153846154
"133","hearing","Signer",0.992307692307692,0.0153846153846154,0.00769230769230766
"133","hearing","Target",0,0,0
"167","deaf","Distractor",0.00804924242424242,0.00804924242424242,0.0108901515151515
"167","deaf","Signer",0.984138257575758,0.0205965909090909,0.0158617424242424
"167","deaf","Target",0.0078125,0.0078125,0.015625
"167","hearing","Distractor",0.00854700854700855,0.00854700854700855,0.0170940170940171
"167","hearing","Signer",0.965811965811966,0.0598290598290598,0.0341880341880342
"167","hearing","Target",0.0256410256410256,0.0256410256410256,0.0512820512820513
"200","deaf","Distractor",0.00804924242424242,0.00804924242424242,0.0132575757575758
"200","deaf","Signer",0.984138257575758,0.0205965909090909,0.0158617424242424
"200","deaf","Target",0.0078125,0.0078125,0.015625
"200","hearing","Distractor",0.0162393162393162,0.0162393162393162,0.0239316239316239
"200","hearing","Signer",0.958119658119658,0.0581196581196581,0.0418803418803418
"200","hearing","Target",0.0256410256410256,0.0256410256410256,0.0512820512820513
"233","deaf","Distractor",0.00852272727272727,0.00852272727272727,0.0142045454545455
"233","deaf","Signer",0.983664772727273,0.0184659090909091,0.0163352272727273
"233","deaf","Target",0.0078125,0.0078125,0.015625
"233","hearing","Distractor",0.0153846153846154,0.0153846153846154,0.0230769230769231
"233","hearing","Signer",0.951282051282051,0.0615384615384615,0.0487179487179488
"233","hearing","Target",0.0333333333333333,0.0333333333333333,0.058974358974359
"267","deaf","Distractor",0.00852272727272727,0.00852272727272727,0.0113636363636364
"267","deaf","Signer",0.983664772727273,0.0184659090909091,0.0163352272727273
"267","deaf","Target",0.0078125,0.0078125,0.015625
"267","hearing","Distractor",0.0153846153846154,0.0153846153846154,0.0230769230769231
"267","hearing","Signer",0.951282051282051,0.0641025641025641,0.0487179487179488
"267","hearing","Target",0.0333333333333333,0.0333333333333333,0.0512820512820513
"300","deaf","Distractor",0.0132575757575758,0.0132575757575758,0.0236742424242424
"300","deaf","Signer",0.978929924242424,0.0260416666666666,0.0210700757575758
"300","deaf","Target",0.0078125,0.0078125,0.015625
"300","hearing","Distractor",0.0153846153846154,0.0153846153846154,0.0230769230769231
"300","hearing","Signer",0.951282051282051,0.0589743589743589,0.0487179487179488
"300","hearing","Target",0.0333333333333333,0.0333333333333333,0.058974358974359
"333","deaf","Distractor",0.0132575757575758,0.0132575757575758,0.0208333333333333
"333","deaf","Signer",0.977813852813853,0.0297619047619048,0.0221861471861472
"333","deaf","Target",0.00892857142857143,0.00892857142857143,0.0178571428571429
"333","hearing","Distractor",0.019047619047619,0.019047619047619,0.0230769230769231
"333","hearing","Signer",0.943956043956044,0.0619413919413919,0.0487179487179488
"333","hearing","Target",0.036996336996337,0.036996336996337,0.0512820512820513
"367","deaf","Distractor",0.0142045454545455,0.0142045454545455,0.0227982954545454
"367","deaf","Signer",0.985795454545455,0.0255681818181819,0.0142045454545454
"367","deaf","Target",0,0,0
"367","hearing","Distractor",0.019047619047619,0.019047619047619,0.0230769230769231
"367","hearing","Signer",0.943956043956044,0.058974358974359,0.0483516483516484
"367","hearing","Target",0.036996336996337,0.0333333333333333,0.058974358974359
"400","deaf","Distractor",0.0184659090909091,0.0184659090909091,0.0340909090909091
"400","deaf","Signer",0.970045120320856,0.0390625,0.0242730614973262
"400","deaf","Target",0.0114889705882353,0.0114889705882353,0.0193014705882353
"400","hearing","Distractor",0.0199023199023199,0.0199023199023199,0.0230891330891331
"400","hearing","Signer",0.937118437118437,0.0632478632478632,0.0478632478632479
"400","hearing","Target",0.042979242979243,0.0378510378510378,0.0535042735042735
"433","deaf","Distractor",0.0184659090909091,0.0184659090909091,0.03125
"433","deaf","Signer",0.970045120320856,0.0362602356283422,0.0271139705882353
"433","deaf","Target",0.0114889705882353,0.0114889705882353,0.0193014705882353
"433","hearing","Distractor",0.0199023199023199,0.0199023199023199,0.0211355311355311
"433","hearing","Signer",0.937118437118437,0.0644810744810745,0.047506105006105
"433","hearing","Target",0.042979242979243,0.0378510378510378,0.0564102564102564
"467","deaf","Distractor",0.0184659090909091,0.0184659090909091,0.0340909090909091
"467","deaf","Signer",0.970045120320856,0.0369527072192514,0.0262784090909091
"467","deaf","Target",0.0114889705882353,0.0114889705882353,0.0157054227941176
"467","hearing","Distractor",0.0267399267399267,0.0230769230769231,0.0347985347985348
"467","hearing","Signer",0.918315018315018,0.0868223443223443,0.068864468864469
"467","hearing","Target",0.0549450549450549,0.0498168498168498,0.0816941391941392
"500","deaf","Distractor",0.0229301948051948,0.0229301948051948,0.0357142857142857
"500","deaf","Signer",0.96558083460657,0.0343399362585943,0.0279017857142857
"500","deaf","Target",0.0114889705882353,0.0114889705882353,0.0157169117647058
"500","hearing","Distractor",0.0300844083452779,0.0264214046822742,0.0344401974836757
"500","hearing","Signer",0.914970536709667,0.0850207039337474,0.067105828953655
"500","hearing","Target",0.0549450549450549,0.0498168498168498,0.0805952380952381
"533","deaf","Distractor",0.0291801948051948,0.0247159090909091,0.0355600649350649
"533","deaf","Signer",0.95933083460657,0.037297674751719,0.0271336659663866
"533","deaf","Target",0.0114889705882353,0.0114889705882353,0.015625
"533","hearing","Distractor",0.0302364302364302,0.0265734265734266,0.0342698967698968
"533","hearing","Signer",0.901998001998002,0.0990725940725939,0.0800624375624376
"533","hearing","Target",0.0677655677655678,0.0604395604395604,0.110283882783883
"567","deaf","Distractor",0.0306006493506494,0.0261363636363636,0.0385551948051948
"567","deaf","Signer",0.957680600649351,0.0397889610389611,0.0294845779220779
"567","deaf","Target",0.01171875,0.01171875,0.01953125
"567","hearing","Distractor",0.0302364302364302,0.0265734265734266,0.034965034965035
"567","hearing","Signer",0.901998001998002,0.116714951714952,0.0769372294372295
"567","hearing","Target",0.0677655677655678,0.0626373626373626,0.115412087912088
"600","deaf","Distractor",0.039360119047619,0.033110119047619,0.0502436755952381
"600","deaf","Signer",0.945014880952381,0.0517931547619047,0.0388020833333333
"600","deaf","Target",0.015625,0.015625,0.01953125
"600","hearing","Distractor",0.0242535242535243,0.0205905205905206,0.0256410256410256
"600","hearing","Signer",0.903263403263403,0.104426129426129,0.0735458985458984
"600","hearing","Target",0.0724830724830725,0.0616605616605617,0.107625707625708
"633","deaf","Distractor",0.0468266874057315,0.0372338388480392,0.0475394454656863
"633","deaf","Signer",0.934801901529843,0.0506230893799826,0.0426965161064427
"633","deaf","Target",0.0183714110644258,0.0153952205882353,0.0190774356617647
"633","hearing","Distractor",0.0276089295320065,0.0208041958041958,0.0255379236148467
"633","hearing","Signer",0.900579548656472,0.114166250416251,0.0714019314019315
"633","hearing","Target",0.0718115218115218,0.0641192141192141,0.105111555111555
"667","deaf","Distractor",0.0475160256410256,0.0379231770833333,0.04859375
"667","deaf","Signer",0.925757000674764,0.0457150387989205,0.0409125653677461
"667","deaf","Target",0.0267269736842105,0.01953125,0.0234375
"667","hearing","Distractor",0.0480874680874681,0.0287784437784438,0.0306679431679432
"667","hearing","Signer",0.867084027084027,0.10524087024087,0.0701310911310912
"667","hearing","Target",0.0848285048285048,0.0646968031968032,0.108864135864136
"700","deaf","Distractor",0.0507225093984962,0.0388071252349624,0.0498001840538847
"700","deaf","Signer",0.899669864431378,0.0567035807835561,0.0428790647324775
"700","deaf","Target",0.0496076261701262,0.0262862643722019,0.0278335972476597
"700","hearing","Distractor",0.0404928404928405,0.0251173826173826,0.0295121545121545
"700","hearing","Signer",0.862604062604063,0.105586358086358,0.070634088134088
"700","hearing","Target",0.0969030969030969,0.0677960927960928,0.104410866910867
"733","deaf","Distractor",0.0486191440138809,0.0357901966454598,0.0443370144110276
"733","deaf","Signer",0.893913268748795,0.0498789491758241,0.0470775722358781
"733","deaf","Target",0.0574675872373241,0.027603413582032,0.0298961195054945
"733","hearing","Distractor",0.0400389465606857,0.0260084661715096,0.0311422997292562
"733","hearing","Signer",0.857373544330066,0.111806249306249,0.0722873623960582
"733","hearing","Target",0.102587509109248,0.0699409286365808,0.106413586413586
"767","deaf","Distractor",0.0562251984126984,0.0420417906746032,0.0535230654761905
"767","deaf","Signer",0.875430257038713,0.0556286442060799,0.0506017370089061
"767","deaf","Target",0.0683445445485887,0.032893465679541,0.0323584491488903
"767","hearing","Distractor",0.0446621011838403,0.0250146652864044,0.0274169188299623
"767","hearing","Signer",0.831802858976772,0.0996509891075109,0.0781826748131096
"767","hearing","Target",0.123535039839388,0.0698245836289314,0.102707015207015
"800","deaf","Distractor",0.0586179993252362,0.0379817708333333,0.0465968444247638
"800","deaf","Signer",0.855260926025729,0.0574864523497337,0.0540566259398495
"800","deaf","Target",0.0861210746490352,0.0376761961311715,0.0395409771149903
"800","hearing","Distractor",0.0497352320881733,0.0275662246250482,0.0290650362709186
"800","hearing","Signer",0.832276677570795,0.0790228399051929,0.0652405356081827
"800","hearing","Target",0.117988090341032,0.0676499431940608,0.0829480519480519
"833","deaf","Distractor",0.0618134112619407,0.0369014933697838,0.0524984779568878
"833","deaf","Signer",0.835470516647955,0.0679653425873553,0.0644965020104701
"833","deaf","Target",0.102716072090105,0.0430332855139357,0.0536785467392085
"833","hearing","Distractor",0.0744566544566544,0.0384386446886447,0.0461010378510378
"833","hearing","Signer",0.787765567765568,0.0804068986568987,0.0865100732600732
"833","hearing","Target",0.137777777777778,0.0690491452991453,0.0800253357753358
"867","deaf","Distractor",0.0691012622997917,0.0390589985994398,0.048005360397364
"867","deaf","Signer",0.811391589361791,0.0704721827369611,0.0677208140130209
"867","deaf","Target",0.119507148338418,0.0571615018941112,0.0658976491237521
"867","hearing","Distractor",0.074655753603122,0.0403638758901917,0.0495398315135157
"867","hearing","Signer",0.779179904763429,0.100392496392496,0.0795656892052774
"867","hearing","Target",0.146164341633449,0.0749611264657031,0.086029082029082
"900","deaf","Distractor",0.0662598366545735,0.0353094250185122,0.0427343907463151
"900","deaf","Signer",0.799109415803495,0.0776287846610626,0.0687459781857398
"900","deaf","Target",0.134630747541932,0.0556641227467708,0.0642391435319067
"900","hearing","Distractor",0.076970251970252,0.0466128316128316,0.0489014457764458
"900","hearing","Signer",0.772928737928738,0.0981319236319237,0.0902223748473748
"900","hearing","Target",0.15010101010101,0.0764646464646465,0.0886693861693862
"933","deaf","Distractor",0.067036317118554,0.0349363079811271,0.0385064148890218
"933","deaf","Signer",0.775107135797925,0.07781789246633,0.0749417627480951
"933","deaf","Target",0.157856547083521,0.0641882567663818,0.0742106376049632
"933","hearing","Distractor",0.110014834336101,0.0520038784744667,0.0586852240896358
"933","hearing","Signer",0.734225160011061,0.118741810800932,0.100778714319736
"933","hearing","Target",0.155760005652837,0.0785795654294106,0.0869717519521044
"967","deaf","Distractor",0.06806884635832,0.0274773121843434,0.0287541741427432
"967","deaf","Signer",0.754936720808431,0.0891417809849142,0.0774430873402914
"967","deaf","Target",0.176994432833249,0.0680509457647615,0.0757744621971596
"967","hearing","Distractor",0.116913641913642,0.0546713702963703,0.057573606948607
"967","hearing","Signer",0.684866595392911,0.0954343901712323,0.100638352875195
"967","hearing","Target",0.198219762693447,0.0772854192591035,0.0859938270793534
"1000","deaf","Distractor",0.0701790842778652,0.0315057035918588,0.0353126108215722
"1000","deaf","Signer",0.745676202828389,0.0891932242567159,0.0792899189746979
"1000","deaf","Target",0.184144712893745,0.0714809450149524,0.0947875783836262
"1000","hearing","Distractor",0.109565434565435,0.0545537795537796,0.0577634865134865
"1000","hearing","Signer",0.669474969474969,0.117797619047619,0.110554861804862
"1000","hearing","Target",0.220959595959596,0.0889131701631702,0.0922265928515928
"1033","deaf","Distractor",0.0687334748262573,0.0315932322563273,0.0307201153142523
"1033","deaf","Signer",0.723891701854647,0.0914644569383467,0.0797001172282954
"1033","deaf","Target",0.207374823319096,0.0681020427183111,0.0791220811969892
"1033","hearing","Distractor",0.10953046953047,0.0586237096237096,0.063537629037629
"1033","hearing","Signer",0.630555000555001,0.111809579309579,0.107788877788878
"1033","hearing","Target",0.25991452991453,0.0872907925407925,0.0900299145299145
"1067","deaf","Distractor",0.0694888380453396,0.0308898273061755,0.0329479136986272
"1067","deaf","Signer",0.698608448601192,0.0843966102065826,0.0796938462885153
"1067","deaf","Target",0.231902713353468,0.0698423011577883,0.0848715672348484
"1067","hearing","Distractor",0.11331057577053,0.0566891025641026,0.0658145604395604
"1067","hearing","Signer",0.606470116458675,0.123315027744948,0.121168764397311
"1067","hearing","Target",0.280219307770795,0.0995232538247412,0.0944751415632422
"1100","deaf","Distractor",0.0697480402903197,0.0316759871562261,0.0351966242074238
"1100","deaf","Signer",0.679064770333153,0.0851896227240896,0.0782676360778383
"1100","deaf","Target",0.251187189376528,0.0713139484681305,0.0865947827873379
"1100","hearing","Distractor",0.114483002377739,0.055622453569822,0.0578351166377482
"1100","hearing","Signer",0.596203971467129,0.126191391941392,0.126162521688837
"1100","hearing","Target",0.289313026155131,0.106425133346186,0.103435592185592
"1133","deaf","Distractor",0.0663983007733008,0.0313980940934066,0.0350621073082011
"1133","deaf","Signer",0.656098027789204,0.0960602491105708,0.0858947747768979
"1133","deaf","Target",0.277503671437495,0.0813447262160498,0.0927463093823387
"1133","hearing","Distractor",0.116575731960347,0.0588917492763647,0.0711538461538462
"1133","hearing","Signer",0.58433404202635,0.12995226995227,0.127333457141149
"1133","hearing","Target",0.299090226013303,0.09737985305293,0.105747991324914
"1167","deaf","Distractor",0.0616780788655789,0.0280796807359307,0.0320768901237651
"1167","deaf","Signer",0.640211958180708,0.0957728794642857,0.0946502976190476
"1167","deaf","Target",0.298109962953713,0.0870325572864636,0.0856956520042457
"1167","hearing","Distractor",0.12262556157293,0.0649386344649502,0.0601646306909464
"1167","hearing","Signer",0.565130746446536,0.132824780482675,0.127423596140701
"1167","hearing","Target",0.312243691980534,0.101549890168311,0.10136433011433
"1200","deaf","Distractor",0.0560055943690812,0.0242951810159869,0.0265252548301479
"1200","deaf","Signer",0.598603041695147,0.0948156791125542,0.0958401864035088
"1200","deaf","Target",0.345391363935772,0.0809554309451514,0.0909911541994189
"1200","hearing","Distractor",0.119808878248776,0.0646071437088061,0.069821603162396
"1200","hearing","Signer",0.532299903847218,0.126961748290073,0.130751325968717
"1200","hearing","Target",0.347891217904006,0.101797170753373,0.11002277223345
"1233","deaf","Distractor",0.0586593404230788,0.0254653560985798,0.025680885140831
"1233","deaf","Signer",0.574492228402832,0.0963486065394444,0.0940344657599882
"1233","deaf","Target",0.366848431174089,0.0757601269948769,0.0925722528447107
"1233","hearing","Distractor",0.123819973062546,0.0636116428820049,0.0741304194690482
"1233","hearing","Signer",0.521678362623671,0.131317193351056,0.138760904305981
"1233","hearing","Target",0.354501664313783,0.106734349751392,0.102276047885924
"1267","deaf","Distractor",0.0686174123756361,0.0326487018327068,0.0359494332421964
"1267","deaf","Signer",0.551330304381291,0.0949182588929711,0.0996205060473152
"1267","deaf","Target",0.380052283243073,0.081713949085454,0.0878658587163932
"1267","hearing","Distractor",0.11989250554644,0.0558161431656415,0.0654754551322057
"1267","hearing","Signer",0.521424387675928,0.125173758354536,0.131226144000633
"1267","hearing","Target",0.358683106777632,0.114224421650051,0.115578903362084
"1300","deaf","Distractor",0.0694189399244546,0.0349008201765555,0.0398538324420677
"1300","deaf","Signer",0.531893137499755,0.0932372934969443,0.0987827792101688
"1300","deaf","Target",0.39868792257579,0.0857803452929832,0.083704906715017
"1300","hearing","Distractor",0.124061179095504,0.0578953655040611,0.0729163837687865
"1300","hearing","Signer",0.486595668506424,0.133286315896156,0.131535339215831
"1300","hearing","Target",0.389343152398072,0.101581459984206,0.0939185506204957
"1333","deaf","Distractor",0.0636948529411765,0.0258414303221288,0.0300037202380952
"1333","deaf","Signer",0.51765727124183,0.0966902646475257,0.10371735673436
"1333","deaf","Target",0.418647875816993,0.0922824754901961,0.0895317606209151
"1333","hearing","Distractor",0.108917492763647,0.057771139117293,0.0690600233100233
"1333","hearing","Signer",0.463764090160851,0.0993826728826729,0.0965820933452513
"1333","hearing","Target",0.427318417075502,0.074682885939971,0.0756995504495505
"1367","deaf","Distractor",0.0692161902639844,0.0334736380347594,0.034135071168619
"1367","deaf","Signer",0.494547905654717,0.0950534864065243,0.105771333204334
"1367","deaf","Target",0.436235904081299,0.0913276868013952,0.0986888570719356
"1367","hearing","Distractor",0.106272616272616,0.0542593517593517,0.0612830502830502
"1367","hearing","Signer",0.452798312798313,0.0878021978021978,0.0936406926406925
"1367","hearing","Target",0.440929070929071,0.0750307192807193,0.0709251304251304
"1400","deaf","Distractor",0.0680267091654475,0.0356533377774187,0.0439514613917429
"1400","deaf","Signer",0.480705767669293,0.093664537285631,0.107577262127439
"1400","deaf","Target",0.451267523165259,0.0928323762124313,0.0958327307179619
"1400","hearing","Distractor",0.117836650528958,0.0624765779092702,0.0622522189349112
"1400","hearing","Signer",0.423051521128444,0.0732143550893551,0.0792152292152291
"1400","hearing","Target",0.459111828342598,0.065335044229275,0.0691190380132688
"1433","deaf","Distractor",0.0619043793216587,0.0352175245098039,0.0428822544642857
"1433","deaf","Signer",0.473055743276331,0.0953546530063074,0.10650616616839
"1433","deaf","Target",0.46503987740201,0.109003567281371,0.0957720087051429
"1433","hearing","Distractor",0.122695125387433,0.0571465201465201,0.0628150183150183
"1433","hearing","Signer",0.41235923955381,0.0798715255332902,0.0855613553113553
"1433","hearing","Target",0.464945635058757,0.0709277634130576,0.0704824121956475
"1467","deaf","Distractor",0.057193985548765,0.0311437195616883,0.0414123127944359
"1467","deaf","Signer",0.465668170677362,0.0963777613318054,0.108533012636873
"1467","deaf","Target",0.477137843773873,0.09936698258849,0.0921953284154571
"1467","hearing","Distractor",0.157351223655571,0.0821124648298561,0.101335503264851
"1467","hearing","Signer",0.359215904868079,0.105568296437862,0.108085217922174
"1467","hearing","Target",0.48343287147635,0.066905458671763,0.0711177138079312
"1500","deaf","Distractor",0.0603017029947177,0.0335162125201188,0.0417423396915584
"1500","deaf","Signer",0.453127383022894,0.104974123246787,0.109251824309269
"1500","deaf","Target",0.486570913982388,0.106313803216316,0.0945419254915191
"1500","hearing","Distractor",0.148293970986279,0.0805315528488605,0.0952744050820974
"1500","hearing","Signer",0.359261678492448,0.107070536301306,0.109573343323343
"1500","hearing","Target",0.492444350521274,0.063954298906222,0.0704487595737596
"1533","deaf","Distractor",0.0579993178798326,0.028546565133192,0.0348438052194946
"1533","deaf","Signer",0.434507919572258,0.104624618641163,0.113590882157059
"1533","deaf","Target",0.50749276254791,0.0986541459714714,0.0991159001843744
"1533","hearing","Distractor",0.14540430329904,0.0749469828417197,0.0930281524031524
"1533","hearing","Signer",0.342963469279259,0.103127840726525,0.104533321210953
"1533","hearing","Target",0.511632227421701,0.0709607497765393,0.0752541756489126
"1567","deaf","Distractor",0.0547016032213401,0.0270735175597429,0.0346077853067985
"1567","deaf","Signer",0.42640076480537,0.0986646765378262,0.109992442111069
"1567","deaf","Target",0.51889763197329,0.100961276593472,0.0894180346791367
"1567","hearing","Distractor",0.150191864991196,0.0788740607218868,0.0896774323781013
"1567","hearing","Signer",0.331718324215244,0.105607390797608,0.101232349729423
"1567","hearing","Target",0.51808981079356,0.0692453818111712,0.0727160199713448
"1600","deaf","Distractor",0.0523120656755525,0.0235977016404648,0.0256757616697995
"1600","deaf","Signer",0.420780749500757,0.104356942500385,0.125809848086962
"1600","deaf","Target",0.52690718482369,0.102489134821093,0.0996868194047954
"1600","hearing","Distractor",0.180408266946728,0.082939069477531,0.0885414532049148
"1600","hearing","Signer",0.312122492891724,0.0922235777043469,0.0918327185634878
"1600","hearing","Target",0.507469240161548,0.0766076711749788,0.0894007114680191
"1633","deaf","Distractor",0.0560444790954659,0.0260383860930736,0.0299139556989064
"1633","deaf","Signer",0.407818347319605,0.115510240183095,0.127653319147635
"1633","deaf","Target",0.536137173584929,0.117104582917083,0.103384142004474
"1633","hearing","Distractor",0.194149525687987,0.0884883535268151,0.100929228890767
"1633","hearing","Signer",0.296094328523478,0.0848284048385263,0.0825006426322216
"1633","hearing","Target",0.509756145788534,0.0875128526444316,0.0812155388471179
"1667","deaf","Distractor",0.0981792009912172,0.050667147650144,0.0689023567739342
"1667","deaf","Signer",0.35507718223469,0.104385456036482,0.109408163833715
"1667","deaf","Target",0.546743616774093,0.126433915292976,0.109440452595167
"1667","hearing","Distractor",0.203217893217893,0.0966111388611389,0.117985236985237
"1667","hearing","Signer",0.298665603402446,0.0845546398046398,0.0892700910200909
"1667","hearing","Target",0.498116503379661,0.0815514018145597,0.0883822756191177
"1700","deaf","Distractor",0.0865424679487179,0.042694811698718,0.0466039806547619
"1700","deaf","Signer",0.346191500385579,0.0963522086466165,0.110579521218913
"1700","deaf","Target",0.567266031665703,0.10330431547619,0.0863396524665029
"1700","hearing","Distractor",0.204680290469764,0.0903912505623032,0.108088731443995
"1700","hearing","Signer",0.297546430178009,0.0829801908617698,0.0862274275432171
"1700","hearing","Target",0.497773279352227,0.0898358074673864,0.0965987886382623
"1733","deaf","Distractor",0.0851318500578369,0.0383062147556391,0.0417992020315211
"1733","deaf","Signer",0.341127658890817,0.0895952220294325,0.100526858010411
"1733","deaf","Target",0.573740491051346,0.102268208080297,0.0876141864577309
"1733","hearing","Distractor",0.201533846270688,0.0916874426742848,0.10858023555392
"1733","hearing","Signer",0.290469179942864,0.0834548492443229,0.0784774509116614
"1733","hearing","Target",0.507996973786447,0.0818744851639589,0.0887636559347085
"1767","deaf","Distractor",0.0919583565263712,0.0384052373620388,0.0427154104831035
"1767","deaf","Signer",0.338509343092838,0.0965828308486856,0.110145900254501
"1767","deaf","Target",0.569532300380791,0.102178314582412,0.0901150445558342
"1767","hearing","Distractor",0.190570540570541,0.0976891164391164,0.101410256410256
"1767","hearing","Signer",0.30069538648486,0.0811679285626654,0.080583485228222
"1767","hearing","Target",0.508734072944599,0.075167069772333,0.0870342201657992
"1800","deaf","Distractor",0.0852411705618942,0.034246914680714,0.0381998422356152
"1800","deaf","Signer",0.325759520085178,0.0959634074806772,0.110374181739313
"1800","deaf","Target",0.588999309352928,0.094685862725542,0.0829724041720341
"1800","hearing","Distractor",0.182290173594521,0.0857509157509157,0.0990523968784839
"1800","hearing","Signer",0.294186162172432,0.0770082801764724,0.0767842299449851
"1800","hearing","Target",0.523523664233046,0.075257940000503,0.0826071617170016
"1833","deaf","Distractor",0.087987065018315,0.0392801339285714,0.0416768973214286
"1833","deaf","Signer",0.323448495035666,0.0900547793763254,0.104682574826489
"1833","deaf","Target",0.588564439946019,0.0956399411991518,0.0818117446561114
"1833","hearing","Distractor",0.182692307692308,0.0838072344322344,0.0998374542124542
"1833","hearing","Signer",0.284967225756699,0.0737251783304415,0.0710096153846154
"1833","hearing","Target",0.532340466550993,0.0721206863312127,0.0803414786967418
"1867","deaf","Distractor",0.089074926299191,0.0402883383467023,0.0409654002553819
"1867","deaf","Signer",0.318440757674988,0.0874924831884125,0.106510999924675
"1867","deaf","Target",0.592484316025821,0.0930157396218977,0.085566630645058
"1867","hearing","Distractor",0.171108378800686,0.0846237096237096,0.101714535464535
"1867","hearing","Signer",0.281167123474816,0.0822209734709735,0.078672588095665
"1867","hearing","Target",0.547724497724498,0.0713694638694639,0.0817481129981129
"1900","deaf","Distractor",0.0928267878635526,0.0369422995985496,0.041419460679571
"1900","deaf","Signer",0.312219085828316,0.0923582582963025,0.103222287034932
"1900","deaf","Target",0.594954126308132,0.0912414393629927,0.0817591333894183
"1900","hearing","Distractor",0.17688326166587,0.082056856187291,0.105137362637363
"1900","hearing","Signer",0.283271724461656,0.0884794553272815,0.0937307838995481
"1900","hearing","Target",0.539845013872474,0.0792742621604178,0.0934435063411035
"1933","deaf","Distractor",0.0888671377641966,0.0435767900910364,0.0447380514705882
"1933","deaf","Signer",0.317084760730755,0.0850899401327517,0.110137489675089
"1933","deaf","Target",0.594048101505048,0.105841470896074,0.0868703824233042
"1933","hearing","Distractor",0.193117027899637,0.0948737132432785,0.10731628878368
"1933","hearing","Signer",0.272000591054299,0.0979164878173829,0.110248413138439
"1933","hearing","Target",0.534882381046064,0.0836698073878381,0.0960768856037398
"1967","deaf","Distractor",0.0888630239442933,0.0363893771141498,0.0422487236105899
"1967","deaf","Signer",0.313979380487217,0.0914587198854565,0.104826613738124
"1967","deaf","Target",0.59715759556849,0.0962828648864108,0.084808139077501
"1967","hearing","Distractor",0.183260781086868,0.0875459866220736,0.109789841800711
"1967","hearing","Signer",0.268398396147757,0.101378029472659,0.0967319636884854
"1967","hearing","Target",0.548340822765375,0.0856915415738945,0.0963745762147297
"2000","deaf","Distractor",0.0880699420584289,0.0399909659130465,0.0391199693718196
"2000","deaf","Signer",0.304703856389712,0.0921465447472849,0.114697202582688
"2000","deaf","Target",0.607226201551859,0.104035104530582,0.0947703796264652
"2000","hearing","Distractor",0.187977474617151,0.0960367837290914,0.11698804232205
"2000","hearing","Signer",0.272397238389141,0.111523550673348,0.107734603453227
"2000","hearing","Target",0.539625286993708,0.0864826401668506,0.0946352331878648
"2033","deaf","Distractor",0.097544903013653,0.0457614520895771,0.0454624281968032
"2033","deaf","Signer",0.306373268275842,0.0994541663912069,0.102720697654062
"2033","deaf","Target",0.596081828710505,0.0957742517898768,0.0955154266689193
"2033","hearing","Distractor",0.192804972804973,0.0935361305361305,0.102075369075369
"2033","hearing","Signer",0.268527699099781,0.112259993883564,0.116126002144309
"2033","hearing","Target",0.538667328095246,0.0909626292852838,0.0930045419873796
"2067","deaf","Distractor",0.0963106814209755,0.0427643550621492,0.0510385248942234
"2067","deaf","Signer",0.303980136149254,0.102209212186234,0.104205351174561
"2067","deaf","Target",0.599709182429771,0.111285894881943,0.0981954391605127
"2067","hearing","Distractor",0.191965299657607,0.0937676212676213,0.109289001596694
"2067","hearing","Signer",0.271635415866185,0.104475006830776,0.114298927568158
"2067","hearing","Target",0.536399284476208,0.091684207886131,0.0945653064883835
"2100","deaf","Distractor",0.0943596232199173,0.0492825128303069,0.0552168067839024
"2100","deaf","Signer",0.307440200730642,0.0946221338914354,0.113039175642576
"2100","deaf","Target",0.598200176049441,0.104165276104614,0.0904283997252747
"2100","hearing","Distractor",0.162028712028712,0.086048581048581,0.0973786861286861
"2100","hearing","Signer",0.288886308623151,0.0996061808561809,0.104200350088508
"2100","hearing","Target",0.549084979348137,0.0908541458541459,0.0918292818292817
"2133","deaf","Distractor",0.0865720764980633,0.0434219426406926,0.0450934910073479
"2133","deaf","Signer",0.323026434457356,0.0993118301198071,0.10958299512987
"2133","deaf","Target",0.590401489044581,0.104694686823593,0.0942544868326118
"2133","hearing","Distractor",0.149387279387279,0.0701403596403596,0.0836664169164169
"2133","hearing","Signer",0.307858632595475,0.117533054664634,0.111579096342254
"2133","hearing","Target",0.542754088017246,0.0863569763569763,0.085261668156405
"2167","deaf","Distractor",0.0917157753917622,0.0440674009835194,0.0569229121572871
"2167","deaf","Signer",0.325540453089795,0.089465150012025,0.117733846927926
"2167","deaf","Target",0.582743771518443,0.105212600432584,0.0959195188492064
"2167","hearing","Distractor",0.144852874051959,0.0694586367103529,0.0873663415150829
"2167","hearing","Signer",0.31336456830736,0.117289389481609,0.128095310486615
"2167","hearing","Target",0.541782557640681,0.095065595540996,0.0876740532541448
"2200","deaf","Distractor",0.0999045362532205,0.0538778409090909,0.0543892237148816
"2200","deaf","Signer",0.305817627934501,0.096367041192167,0.10794818120476
"2200","deaf","Target",0.594277835812279,0.104896915842156,0.0900098141828501
"2200","hearing","Distractor",0.137882117882118,0.0627645687645687,0.0661095571095571
"2200","hearing","Signer",0.344139018875861,0.111812853812854,0.11240335103493
"2200","hearing","Target",0.517978863242021,0.104240846872426,0.0963064479380268
"2233","deaf","Distractor",0.106849747474747,0.053387389520202,0.0554874921085858
"2233","deaf","Signer",0.315543455387205,0.100289877946128,0.110768821022727
"2233","deaf","Target",0.577606797138047,0.101158065025253,0.0921564604377103
"2233","hearing","Distractor",0.145742590742591,0.070550616050616,0.0762920412920413
"2233","hearing","Signer",0.347364127100969,0.115127238989081,0.119157388663968
"2233","hearing","Target",0.50689328215644,0.0945899977215766,0.0883423243423243
"2267","deaf","Distractor",0.10149522148603,0.0514887699871615,0.0584743699162357
"2267","deaf","Signer",0.31893171847216,0.0937565815771239,0.106234771449615
"2267","deaf","Target",0.57957306004181,0.0940146910976415,0.0947497055895493
"2267","hearing","Distractor",0.165148090482539,0.0666729333932511,0.0774291880082013
"2267","hearing","Signer",0.344803199401862,0.113947433790661,0.129210193374073
"2267","hearing","Target",0.4900487101156,0.0985149660818558,0.101370064346653
"2300","deaf","Distractor",0.120803889737713,0.0547320234912147,0.0589988182773109
"2300","deaf","Signer",0.318886077158136,0.102362928125796,0.11142797459893
"2300","deaf","Target",0.560310033104151,0.0894175141647567,0.0880432940221544
"2300","hearing","Distractor",0.174676169241387,0.0714738944630249,0.0747107753357753
"2300","hearing","Signer",0.339206500140004,0.125170223886656,0.133926107696888
"2300","hearing","Target",0.486117330618609,0.109558969258458,0.104548716179151
"2333","deaf","Distractor",0.125503197460434,0.0538970247132254,0.0591049626771255
"2333","deaf","Signer",0.327868417218746,0.102015890496565,0.117505707696908
"2333","deaf","Target",0.546628385320819,0.096154339766593,0.0859797925484603
"2333","hearing","Distractor",0.17613611085271,0.061978130674993,0.0790904271167429
"2333","hearing","Signer",0.344010813747656,0.123464747971327,0.129226069982649
"2333","hearing","Target",0.479853075399634,0.110674271747146,0.103905699563594
"2367","deaf","Distractor",0.103592139768127,0.0482552850110416,0.0471950695275119
"2367","deaf","Signer",0.323915182953012,0.093546649759232,0.101978299250092
"2367","deaf","Target",0.572492677278861,0.103442970475248,0.105439526208441
"2367","hearing","Distractor",0.177384862101461,0.0673049209562367,0.0734572124906133
"2367","hearing","Signer",0.3377670575039,0.109574559212717,0.126988099619678
"2367","hearing","Target",0.484848080394639,0.100585884257443,0.101584479117374
"2400","deaf","Distractor",0.0946444664082048,0.0403084564791826,0.0460140847204266
"2400","deaf","Signer",0.35602071781203,0.0804913539695491,0.0896400998060247
"2400","deaf","Target",0.549334815779766,0.0879640535373532,0.0794342338182435
"2400","hearing","Distractor",0.181410256410256,0.0633134920634921,0.0728144078144078
"2400","hearing","Signer",0.33527676027676,0.112179995929996,0.131686253561254
"2400","hearing","Target",0.483312983312983,0.100848595848596,0.104265618640619
"2433","deaf","Distractor",0.100939284367593,0.0417689605890433,0.045310203889248
"2433","deaf","Signer",0.361863317442362,0.071264413818412,0.081182256315988
"2433","deaf","Target",0.537197398190045,0.0829522866839044,0.0851570487570027
"2433","hearing","Distractor",0.161573106217017,0.0658884720597784,0.074179735889725
"2433","hearing","Signer",0.337043953161403,0.113661875413917,0.131773814748436
"2433","hearing","Target",0.501382940621579,0.103805829187862,0.0967183693003829
"2467","deaf","Distractor",0.103188141947249,0.0401803025456161,0.0400612471692656
"2467","deaf","Signer",0.375915214120432,0.0781999500478839,0.0826770488108551
"2467","deaf","Target",0.520896643932319,0.0942977138903497,0.0799333446453264
"2467","hearing","Distractor",0.163698256309592,0.0661022850294105,0.0720314407814408
"2467","hearing","Signer",0.339174264781552,0.119264196779379,0.140230358373071
"2467","hearing","Target",0.497127478908855,0.101698958935801,0.0995410900952399
"2500","deaf","Distractor",0.102296998344792,0.0416006606240981,0.0431439360782192
"2500","deaf","Signer",0.382111570006791,0.0740881805847339,0.088589114954694
"2500","deaf","Target",0.515591431648417,0.084827004286563,0.0818382717670402
"2500","hearing","Distractor",0.167594214152919,0.069561710219605,0.0831553652150817
"2500","hearing","Signer",0.347742743086873,0.13119292987714,0.139989991452542
"2500","hearing","Target",0.484663042760209,0.1059794692487,0.0952094093490854
"2533","deaf","Distractor",0.104789756811816,0.0433393812070283,0.0448932769130379
"2533","deaf","Signer",0.391131734890926,0.0878817657271242,0.0917366731256896
"2533","deaf","Target",0.504078508297258,0.0893101468333545,0.0906409280568288
"2533","hearing","Distractor",0.159173725412064,0.06856998264893,0.0803891030638082
"2533","hearing","Signer",0.363566926531193,0.118301213982872,0.129224762211912
"2533","hearing","Target",0.477259348056743,0.0986860185522392,0.096110883923329
"2567","deaf","Distractor",0.0994628533231474,0.0447381177849928,0.0487673611111111
"2567","deaf","Signer",0.408537322026099,0.0867961837246859,0.0842937277183601
"2567","deaf","Target",0.491999824650753,0.0886884274593011,0.0913884453851318
"2567","hearing","Distractor",0.147439878961618,0.0699397794234751,0.0872894104687583
"2567","hearing","Signer",0.364347930652278,0.122593427104297,0.136824320003668
"2567","hearing","Target",0.488212190386103,0.110408456278021,0.0887341121036773
"2600","deaf","Distractor",0.0998906053956364,0.04694922249126,0.0479679144385027
"2600","deaf","Signer",0.41468114036806,0.0829623887034878,0.0879506823854251
"2600","deaf","Target",0.485428254236304,0.0926162226254138,0.0864253136461922
"2600","hearing","Distractor",0.151487109381846,0.0758648369174685,0.0793008453534769
"2600","hearing","Signer",0.355477758109337,0.119495502061292,0.140393777762199
"2600","hearing","Target",0.493035132508817,0.0989026811395233,0.0910624463256042
"2633","deaf","Distractor",0.115351131711426,0.0462660807329925,0.0481370528980823
"2633","deaf","Signer",0.41704585753299,0.0845116177480607,0.078741936040879
"2633","deaf","Target",0.467603010755584,0.0852139020854554,0.0819681273587524
"2633","hearing","Distractor",0.14092484995495,0.0689498906890211,0.0733708320664842
"2633","hearing","Signer",0.379428983589912,0.10933206463897,0.142682703742363
"2633","hearing","Target",0.479646166455138,0.0994073241009106,0.0970999585098051
"2667","deaf","Distractor",0.116737647242678,0.0444004342857865,0.0443759984747795
"2667","deaf","Signer",0.424131516756807,0.0801944323910631,0.085575206043956
"2667","deaf","Target",0.459130836000515,0.0894404229993433,0.0880444200917546
"2667","hearing","Distractor",0.14321905333611,0.062069099378882,0.0710098374312421
"2667","hearing","Signer",0.379705518649056,0.114408641613048,0.139899710291457
"2667","hearing","Target",0.477075428014834,0.100195386495923,0.0883070531344187
"2700","deaf","Distractor",0.109434851658633,0.0461892508864258,0.0499253933863551
"2700","deaf","Signer",0.437112520280574,0.086488296391789,0.103816369550212
"2700","deaf","Target",0.453452628060794,0.0925972916080308,0.0854025757282578
"2700","hearing","Distractor",0.135119711206668,0.057433508520465,0.0653901231618623
"2700","hearing","Signer",0.389841940414023,0.117480424165207,0.117657595074643
"2700","hearing","Target",0.475038348379309,0.107823561830999,0.0977495316468429
"2733","deaf","Distractor",0.113759722389753,0.0474512651950732,0.0483458527948659
"2733","deaf","Signer",0.440195432738486,0.0891238515566713,0.0929262863563487
"2733","deaf","Target",0.44604484487176,0.0870818355003485,0.0812184186373913
"2733","hearing","Distractor",0.142271617271617,0.0716977466977467,0.0827228327228327
"2733","hearing","Signer",0.399089214878689,0.11657993322467,0.128667042022305
"2733","hearing","Target",0.458639167849694,0.125955601416128,0.103682611248401
"2767","deaf","Distractor",0.113624441004472,0.0493627450980392,0.0549827387095189
"2767","deaf","Signer",0.437510097240651,0.0844294780686398,0.0997560172643617
"2767","deaf","Target",0.448865461754877,0.0883028362112389,0.0853531740272863
"2767","hearing","Distractor",0.12029304029304,0.0685201465201465,0.0758388278388278
"2767","hearing","Signer",0.427183342972817,0.118334779255832,0.126296510507037
"2767","hearing","Target",0.452523616734143,0.119230769230769,0.117941006362059
"2800","deaf","Distractor",0.113262704787473,0.0471192640080508,0.0484721040376032
"2800","deaf","Signer",0.443209988111304,0.0894146332468701,0.0931376102075599
"2800","deaf","Target",0.443527307101224,0.0887452850458365,0.0908464203065597
"2800","hearing","Distractor",0.121203241203241,0.0719852924852925,0.0741512931512931
"2800","hearing","Signer",0.425147075147075,0.113431984681985,0.11148088023088
"2800","hearing","Target",0.453649683649684,0.130296703296703,0.126273476523476
"2833","deaf","Distractor",0.108663137687905,0.0423944098020143,0.0445039565214197
"2833","deaf","Signer",0.449765034372233,0.101040017532132,0.115470428533025
"2833","deaf","Target",0.441571827939862,0.101064193965219,0.0990991855313159
"2833","hearing","Distractor",0.114714992609729,0.0679594499068183,0.075243686138423
"2833","hearing","Signer",0.429702607334186,0.111500305250305,0.118244894725158
"2833","hearing","Target",0.455582400056084,0.13235170312144,0.123605626829311
"2867","deaf","Distractor",0.132983361971849,0.0499682118411559,0.0487087203884079
"2867","deaf","Signer",0.444828532821954,0.0912704519149832,0.107660347997519
"2867","deaf","Target",0.422188105206197,0.10956320281053,0.10527717257158
"2867","hearing","Distractor",0.11483380542085,0.064010989010989,0.0763576007326007
"2867","hearing","Signer",0.457753897025152,0.131505819866144,0.147965493233712
"2867","hearing","Target",0.427412297553998,0.147781051606963,0.140802941997274
"2900","deaf","Distractor",0.136554764679765,0.0527777929535742,0.0535515873015872
"2900","deaf","Signer",0.449372155622156,0.0955673319735819,0.111685267857143
"2900","deaf","Target",0.41407307969808,0.107431101884227,0.113047911290099
"2900","hearing","Distractor",0.116927822514867,0.0596813409262802,0.0706391941391941
"2900","hearing","Signer",0.456280925552181,0.118205280886455,0.131298959812118
"2900","hearing","Target",0.426791251932952,0.127931033204313,0.13202354662881
"2933","deaf","Distractor",0.123410932086919,0.0419319127738124,0.0446105204873708
"2933","deaf","Signer",0.467353603085511,0.114420189528125,0.11578365679003
"2933","deaf","Target",0.40923546482757,0.117768104405646,0.120715816073546
"2933","hearing","Distractor",0.143447128669801,0.0703310359231412,0.0787004555273786
"2933","hearing","Signer",0.414375345751864,0.103620856201828,0.102271377408017
"2933","hearing","Target",0.442177525578335,0.111341246472825,0.109051582695307
"2967","deaf","Distractor",0.124829674360441,0.0400789740279751,0.0421456666631299
"2967","deaf","Signer",0.468961729096211,0.104612852957837,0.107574333561176
"2967","deaf","Target",0.406208596543349,0.107057200455275,0.131899768982719
"2967","hearing","Distractor",0.149829702461281,0.0753715217531007,0.07997557997558
"2967","hearing","Signer",0.414326901169006,0.0942749136828084,0.0992981433770907
"2967","hearing","Target",0.435843396369712,0.0975809278440857,0.118868667881826
"3000","deaf","Distractor",0.133213683443463,0.0367630589896215,0.0356009096346872
"3000","deaf","Signer",0.469891838825662,0.0925564547278702,0.0977678086823306
"3000","deaf","Target",0.396894477730875,0.102250296807971,0.101086211625044
"3000","hearing","Distractor",0.150555085939701,0.0808331924485771,0.0865257819103973
"3000","hearing","Signer",0.417669595361903,0.0863163759317606,0.0940764363841287
"3000","hearing","Target",0.431775318698396,0.0985408864639634,0.100439577516501
"3033","deaf","Distractor",0.139150734939725,0.0432613707805997,0.0394325057641984
"3033","deaf","Signer",0.481562981974166,0.101867649007984,0.0917334404662675
"3033","deaf","Target",0.379286283086109,0.100654023660324,0.110420831889183
"3033","hearing","Distractor",0.148387168387168,0.0760448440448441,0.0782534687534688
"3033","hearing","Signer",0.418970898382663,0.0782920266008501,0.0855175298557652
"3033","hearing","Target",0.432641933230169,0.0942713316095669,0.0880299683976155
"3067","deaf","Distractor",0.142609351432881,0.0453852634803922,0.0444515931372549
"3067","deaf","Signer",0.489801643413776,0.101342893728004,0.0977694035947713
"3067","deaf","Target",0.367589005153343,0.106674993715435,0.108725468592886
"3067","hearing","Distractor",0.152114979038056,0.0801652300690762,0.0774292267561498
"3067","hearing","Signer",0.422282636811458,0.0824395515080151,0.0954277751125086
"3067","hearing","Target",0.425602384150486,0.0933321751804931,0.081874220550691
"3100","deaf","Distractor",0.148150424942704,0.0437502536525974,0.0482257846320346
"3100","deaf","Signer",0.493211792292675,0.110930188836898,0.103907813362087
"3100","deaf","Target",0.358637782764621,0.0968672859768907,0.108564513636894
"3100","hearing","Distractor",0.153174951454304,0.0777224858474858,0.0878621378621378
"3100","hearing","Signer",0.442162035679902,0.0923807511798183,0.0905928837879639
"3100","hearing","Target",0.404663012865794,0.0886202938253633,0.0972952024505448
"3133","deaf","Distractor",0.144311440371223,0.0457365777338603,0.0431559976481851
"3133","deaf","Signer",0.502832139620823,0.104770715750575,0.107987996857682
"3133","deaf","Target",0.352856420007955,0.102601657653408,0.110100864375661
"3133","hearing","Distractor",0.157856032856033,0.0822226384726385,0.0913922188922189
"3133","hearing","Signer",0.446825149170687,0.0886354015930675,0.100035610683494
"3133","hearing","Target",0.39531881797328,0.0891124518756098,0.0915536789678666
"3167","deaf","Distractor",0.152154356060606,0.053277445211039,0.053526193858225
"3167","deaf","Signer",0.491060818266701,0.0942270393005687,0.0847376237426788
"3167","deaf","Target",0.356784825672693,0.0900798541480987,0.110098107187951
"3167","hearing","Distractor",0.150619892927585,0.0762531699070161,0.0811760355029586
"3167","hearing","Signer",0.452292971946202,0.0858200048938915,0.0924996784152302
"3167","hearing","Target",0.397087135126213,0.0831298660853317,0.088688586980701
"3200","deaf","Distractor",0.142950477830993,0.0486465139486739,0.0491714611981156
"3200","deaf","Signer",0.503392593925682,0.108821903433576,0.0857125946969697
"3200","deaf","Target",0.353656928243325,0.0923510600153523,0.0988321796157274
"3200","hearing","Distractor",0.145052773313643,0.0778708791208791,0.083522311022311
"3200","hearing","Signer",0.468912120170701,0.0841953247616863,0.0945296433797579
"3200","hearing","Target",0.386035106515656,0.080009269271283,0.0804618179303533
"3233","deaf","Distractor",0.161912120807581,0.0467850513190986,0.0492618357106449
"3233","deaf","Signer",0.501778831782029,0.0941548610836095,0.0936569036914705
"3233","deaf","Target",0.33630904741039,0.0937149030237665,0.103448870037145
"3233","hearing","Distractor",0.144393618077829,0.0825961319382372,0.0821340939761992
"3233","hearing","Signer",0.479198350594232,0.0890822881669564,0.0864051737735947
"3233","hearing","Target",0.37640803132794,0.0860973332540838,0.0912580840212419
"3267","deaf","Distractor",0.180783950570955,0.0512872547116673,0.0525312818907967
"3267","deaf","Signer",0.497992417455733,0.0951270988143091,0.089681510678154
"3267","deaf","Target",0.321223631973312,0.0896063412823324,0.0945083786498029
"3267","hearing","Distractor",0.152843939686045,0.0795906067616594,0.0950732600732601
"3267","hearing","Signer",0.506215422004896,0.0887417626233415,0.0854865237102079
"3267","hearing","Target",0.340940638309059,0.111986807052597,0.101956201693044
"3300","deaf","Distractor",0.184368633817163,0.0569369011809269,0.057187718837535
"3300","deaf","Signer",0.503634493570155,0.1055681519767,0.0948371898475299
"3300","deaf","Target",0.311996872612681,0.0889645900974026,0.0913617414295263
"3300","hearing","Distractor",0.154800754800755,0.0854939504939505,0.0954560717060717
"3300","hearing","Signer",0.51282810756495,0.0871940413387782,0.093345127095127
"3300","hearing","Target",0.332371137634296,0.0920012297643877,0.104938935333672
"3333","deaf","Distractor",0.180729166666667,0.0582660590277778,0.0580598958333333
"3333","deaf","Signer",0.504947916666667,0.108561197916667,0.0893381076388889
"3333","deaf","Target",0.314322916666667,0.0848155381944445,0.0997417534722222
"3333","hearing","Distractor",0.154767291531997,0.0823359728506787,0.0989172592113768
"3333","hearing","Signer",0.52051470201625,0.084982582561917,0.0899317755258157
"3333","hearing","Target",0.324718006451753,0.0967020763034695,0.0965447091608082
"3367","deaf","Distractor",0.193364738966856,0.0596835748514453,0.0588423164532915
"3367","deaf","Signer",0.504637146915823,0.111669957140495,0.0921543262646488
"3367","deaf","Target",0.301998114117322,0.0929456775456221,0.0908806081617419
"3367","hearing","Distractor",0.158012820512821,0.0817376373626374,0.0979475732600733
"3367","hearing","Signer",0.534199791436634,0.0917520527717896,0.0924164212980002
"3367","hearing","Target",0.307787388050546,0.108145571533729,0.116780445431761
"3400","deaf","Distractor",0.19764750470473,0.0579466599399464,0.0612943977821695
"3400","deaf","Signer",0.499021123094013,0.0999367874905359,0.0940553048871063
"3400","deaf","Target",0.303331372201257,0.0798026623268391,0.093175887899753
"3400","hearing","Distractor",0.150815103369283,0.0775935029882398,0.0854490298143549
"3400","hearing","Signer",0.542027571671534,0.0768727552976779,0.0855294338014927
"3400","hearing","Target",0.307157324959183,0.102224940092587,0.110007098164993
"3433","deaf","Distractor",0.193761273448773,0.0574875992063492,0.0561130839646465
"3433","deaf","Signer",0.50708648989899,0.0852200577200577,0.0821075712481962
"3433","deaf","Target",0.299152236652237,0.0846787067099567,0.0832088744588744
"3433","hearing","Distractor",0.153205128205128,0.083974358974359,0.0936217948717948
"3433","hearing","Signer",0.539017926517927,0.0864582292707293,0.0908482836607837
"3433","hearing","Target",0.307776945276945,0.0966971916971917,0.0981864316239316
"3467","deaf","Distractor",0.197126446922643,0.0572025132928665,0.0534064122396323
"3467","deaf","Signer",0.496440089952318,0.0795918864499027,0.0799955972281041
"3467","deaf","Target",0.306433463125039,0.083817481393908,0.0854491979186272
"3467","hearing","Distractor",0.153205128205128,0.0916666666666667,0.0948717948717949
"3467","hearing","Signer",0.548785936285936,0.0782891414141414,0.0951262626262627
"3467","hearing","Target",0.298008935508935,0.102390491452991,0.0940668706293706
"3500","deaf","Distractor",0.21119058637441,0.0595528751273237,0.0592807896760102
"3500","deaf","Signer",0.497379805651864,0.0855425242649507,0.0815187054571246
"3500","deaf","Target",0.291429607973726,0.0818680191336441,0.0764896821928072
"3500","hearing","Distractor",0.143589743589744,0.0801282051282051,0.0942467948717949
"3500","hearing","Signer",0.57934098065677,0.0901833108412056,0.0889690170940171
"3500","hearing","Target",0.277069275753486,0.104891475483581,0.0948914754835807
"3533","deaf","Distractor",0.214148045581869,0.057955281544436,0.0629289812515915
"3533","deaf","Signer",0.504528212800272,0.0774810606060605,0.0853538536626771
"3533","deaf","Target",0.281323741617859,0.0758625448285375,0.0735488949367626
"3533","hearing","Distractor",0.14360231271996,0.0859100050276521,0.100047762694821
"3533","hearing","Signer",0.59725199121484,0.082649175729671,0.0837437154348918
"3533","hearing","Target",0.259145696065201,0.0854166666666667,0.0902412446085046
"3567","deaf","Distractor",0.219238007703081,0.0619671206550802,0.0586243027040361
"3567","deaf","Signer",0.503447089062898,0.0840558155080214,0.0809936915106951
"3567","deaf","Target",0.277314903234021,0.0693664056531703,0.0690266902215432
"3567","hearing","Distractor",0.143364822312191,0.0816565452091768,0.0918904633378317
"3567","hearing","Signer",0.593220608081289,0.0825798470535312,0.0763838612368024
"3567","hearing","Target",0.26341456960652,0.082172342621259,0.0911336693921833
"3600","deaf","Distractor",0.226184839466089,0.0667045736381674,0.0585912698412698
"3600","deaf","Signer",0.507509244227994,0.0832101990891054,0.082225716991342
"3600","deaf","Target",0.266305916305916,0.0738079455266956,0.0710396374458874
"3600","hearing","Distractor",0.145098039215686,0.0801407742584213,0.0869947209653092
"3600","hearing","Signer",0.590378661586092,0.0961936704506365,0.085828173374613
"3600","hearing","Target",0.264523299198222,0.0870072239422084,0.0907252388134741
"3633","deaf","Distractor",0.221831804891015,0.0623901016746412,0.0603748421717171
"3633","deaf","Signer",0.506009104199894,0.0754630183413079,0.0689426335725678
"3633","deaf","Target",0.272159090909091,0.0824526515151515,0.07765625
"3633","hearing","Distractor",0.144269799687756,0.0780630970336853,0.0931636500754148
"3633","hearing","Signer",0.594088539599375,0.0924742002063983,0.0844413352385489
"3633","hearing","Target",0.261641660712868,0.0907831229657855,0.0945698711333386
"3667","deaf","Distractor",0.244473581973582,0.0552424485236985,0.0670762917637917
"3667","deaf","Signer",0.504035547785548,0.0723484848484849,0.0745818764568764
"3667","deaf","Target",0.25149087024087,0.0804734848484848,0.079403409090909
"3667","hearing","Distractor",0.139214693974756,0.0815561244740811,0.09616624990077
"3667","hearing","Signer",0.58447811648276,0.0892903651001562,0.0846849696356274
"3667","hearing","Target",0.276307189542484,0.0941852061337355,0.107778207774338
"3700","deaf","Distractor",0.23954933954934,0.0654367854367854,0.0681281045343545
"3700","deaf","Signer",0.510258491508491,0.0731953463203463,0.0787526015651016
"3700","deaf","Target",0.250192168942169,0.0806784361471862,0.0768066829004329
"3700","hearing","Distractor",0.14092641105025,0.0836404501071684,0.101348287290625
"3700","hearing","Signer",0.578256633287593,0.0863442519382921,0.0905828319856956
"3700","hearing","Target",0.280816955662157,0.0844242700454001,0.0874135116259728
"3733","deaf","Distractor",0.245522058351006,0.0628787965506716,0.0616058224487501
"3733","deaf","Signer",0.502978399524452,0.0755126849575862,0.0832082911605938
"3733","deaf","Target",0.251499542124542,0.0787562003968254,0.0796557348901098
"3733","hearing","Distractor",0.103272888102609,0.0606285226641264,0.0740388868097847
"3733","hearing","Signer",0.604577635061084,0.0941723653023964,0.107463591686026
"3733","hearing","Target",0.292149476836307,0.0913373176531071,0.0996044213387628
"3767","deaf","Distractor",0.242086385836386,0.0600263278388279,0.0546289300976801
"3767","deaf","Signer",0.495650183150183,0.0777167277167277,0.0769305173992674
"3767","deaf","Target",0.262263431013431,0.0827495421245421,0.0836173115079364
"3767","hearing","Distractor",0.111057243410185,0.0576460712490124,0.064467966673849
"3767","hearing","Signer",0.615878402643109,0.102852519212813,0.0949160112763053
"3767","hearing","Target",0.273064353946707,0.0905186112906701,0.0917903379300438
"3800","deaf","Distractor",0.226430305590522,0.0809853973640738,0.0735389059469942
"3800","deaf","Signer",0.530006258576305,0.103548851094081,0.104549881313862
"3800","deaf","Target",0.243563435833173,0.0818123282967033,0.0810192498473748
"3800","hearing","Distractor",0.0955716606169095,0.0522516698987287,0.0554090941110172
"3800","hearing","Signer",0.599717747059376,0.0910284466350643,0.10427473874165
"3800","hearing","Target",0.304710592323715,0.0750004488975077,0.0814057674351792
"3833","deaf","Distractor",0.212632542895701,0.0717838767592057,0.0701174008739798
"3833","deaf","Signer",0.533590103244708,0.0952320253759398,0.10562901508214
"3833","deaf","Target",0.253777353859591,0.0769270456791016,0.0880961039143605
"3833","hearing","Distractor",0.104495052458853,0.0565747600815474,0.0649051928463693
"3833","hearing","Signer",0.59419181873933,0.0959155851689788,0.122777957336781
"3833","hearing","Target",0.301313128801817,0.0835785349642816,0.0796634926159813
"3867","deaf","Distractor",0.213970853492912,0.0712089978036669,0.0679140737734487
"3867","deaf","Signer",0.533060648501825,0.0936660327009592,0.105976615551524
"3867","deaf","Target",0.252968498005263,0.0722051528944911,0.07421860410831
"3867","hearing","Distractor",0.104586916351622,0.0547309389956449,0.059676353058706
"3867","hearing","Signer",0.582839872545755,0.100271085124026,0.104834132370897
"3867","hearing","Target",0.312573211102623,0.0860794475132711,0.079829447513271
"3900","deaf","Distractor",0.218570247154806,0.0774494342463092,0.0693463266716943
"3900","deaf","Signer",0.552705847053274,0.102062355281565,0.101031714532404
"3900","deaf","Target",0.228723905791921,0.0737841585497836,0.0808355913388082
"3900","hearing","Distractor",0.106270200387847,0.0533333333333333,0.0655688429217841
"3900","hearing","Signer",0.582993966817496,0.101797295841414,0.121086242189183
"3900","hearing","Target",0.310735832794656,0.102047915319974,0.102874245852187
"3933","deaf","Distractor",0.22790854978355,0.0773534451659451,0.0673613365800866
"3933","deaf","Signer",0.533929698773449,0.0873868145743145,0.0975300437409813
"3933","deaf","Target",0.238161751443001,0.0745663949765512,0.0773024046266234
"3933","hearing","Distractor",0.0985977258036081,0.0508281852950971,0.0645471746390864
"3933","hearing","Signer",0.58071315938963,0.116395699888347,0.118670337015925
"3933","hearing","Target",0.320689114806762,0.10257132573309,0.111224125139566
"3967","deaf","Distractor",0.199107142857143,0.0694766865079365,0.0704941716269842
"3967","deaf","Signer",0.548511904761905,0.103783482142857,0.101045386904762
"3967","deaf","Target",0.252380952380952,0.0827157738095238,0.0930245535714285
"3967","hearing","Distractor",0.110233067586009,0.0656061014149249,0.0829612421891834
"3967","hearing","Signer",0.585902822667529,0.109248410902823,0.107046029950442
"3967","hearing","Target",0.303864109746463,0.107015056022409,0.0941994361847303
"4000","deaf","Distractor",0.195887445887446,0.0731633860930736,0.0690817212301587
"4000","deaf","Signer",0.552268217893218,0.0942237103174604,0.0978481804653679
"4000","deaf","Target",0.251844336219336,0.0802728174603174,0.0859795499639249
"4000","hearing","Distractor",0.101155255001409,0.0580539119000657,0.0751068376068376
"4000","hearing","Signer",0.555116464731849,0.0850000000000001,0.0872255682351836
"4000","hearing","Target",0.343728280266742,0.0978632478632478,0.0935085000469615
