"Time.ms","age_group","value_cat","mean_prop_looking","ci_low","ci_high"
"0","< 27 Months","Distractor",0,0,0
"0","< 27 Months","Signer",1,0,0
"0","< 27 Months","Target",0,0,0
"0",">= 27 Months","Distractor",0,0,0
"0",">= 27 Months","Signer",1,0,0
"0",">= 27 Months","Target",0,0,0
"0","Adults","Distractor",0,0,0
"0","Adults","Signer",1,0,0
"0","Adults","Target",0,0,0
"33","< 27 Months","Distractor",0,0,0
"33","< 27 Months","Signer",1,0,0
"33","< 27 Months","Target",0,0,0
"33",">= 27 Months","Distractor",0,0,0
"33",">= 27 Months","Signer",1,0,0
"33",">= 27 Months","Target",0,0,0
"33","Adults","Distractor",0,0,0
"33","Adults","Signer",1,0,0
"33","Adults","Target",0,0,0
"67","< 27 Months","Distractor",0,0,0
"67","< 27 Months","Signer",1,0,0
"67","< 27 Months","Target",0,0,0
"67",">= 27 Months","Distractor",0,0,0
"67",">= 27 Months","Signer",1,0,0
"67",">= 27 Months","Target",0,0,0
"67","Adults","Distractor",0,0,0
"67","Adults","Signer",0.992781339031339,0.00739707977207971,0.00721866096866097
"67","Adults","Target",0.00721866096866097,0.00721866096866097,0.00721866096866097
"100","< 27 Months","Distractor",0,0,0
"100","< 27 Months","Signer",0.991071428571429,0.0178571428571429,0.0089285714285714
"100","< 27 Months","Target",0.00892857142857143,0.00892857142857143,0.0178571428571429
"100",">= 27 Months","Distractor",0.00606060606060606,0.00606060606060606,0.0121212121212121
"100",">= 27 Months","Signer",0.993939393939394,0.0121212121212122,0.0060606060606061
"100",">= 27 Months","Target",0,0,0
"100","Adults","Distractor",0,0,0
"100","Adults","Signer",0.983287545787546,0.0196314102564104,0.0167124542124542
"100","Adults","Target",0.0167124542124542,0.0167124542124542,0.0186011904761905
"133","< 27 Months","Distractor",0,0,0
"133","< 27 Months","Signer",0.991071428571429,0.0178571428571429,0.0089285714285714
"133","< 27 Months","Target",0.00892857142857143,0.00892857142857143,0.0178571428571429
"133",">= 27 Months","Distractor",0.00909090909090909,0.00909090909090909,0.0151515151515152
"133",">= 27 Months","Signer",0.990909090909091,0.0151515151515152,0.00909090909090904
"133",">= 27 Months","Target",0,0,0
"133","Adults","Distractor",0,0,0
"133","Adults","Signer",0.976263736263736,0.0289285714285715,0.0237362637362637
"133","Adults","Target",0.0237362637362637,0.0237362637362637,0.0278571428571429
"167","< 27 Months","Distractor",0.00595238095238095,0.00595238095238095,0.0119047619047619
"167","< 27 Months","Signer",0.967261904761905,0.0386904761904762,0.0327380952380952
"167","< 27 Months","Target",0.0267857142857143,0.0267857142857143,0.0446428571428571
"167",">= 27 Months","Distractor",0.0096969696969697,0.0096969696969697,0.0134090909090908
"167",">= 27 Months","Signer",0.99030303030303,0.0163636363636364,0.00969696969696965
"167",">= 27 Months","Target",0,0,0
"167","Adults","Distractor",0,0,0
"167","Adults","Signer",0.965477543290043,0.0361660917207792,0.0288406385281386
"167","Adults","Target",0.0345224567099567,0.0288406385281385,0.04004329004329
"200","< 27 Months","Distractor",0.0130952380952381,0.0130952380952381,0.0202380952380952
"200","< 27 Months","Signer",0.960119047619048,0.0386904761904763,0.0327380952380952
"200","< 27 Months","Target",0.0267857142857143,0.0267857142857143,0.0446428571428571
"200",">= 27 Months","Distractor",0.0096969696969697,0.0096969696969697,0.0133333333333333
"200",">= 27 Months","Signer",0.99030303030303,0.0157727272727273,0.00969696969696965
"200",">= 27 Months","Target",0,0,0
"200","Adults","Distractor",0,0,0
"200","Adults","Signer",0.954542056172491,0.0463868269914466,0.0355222907125081
"200","Adults","Target",0.045457943827509,0.0334367222954179,0.0427770981031851
"233","< 27 Months","Distractor",0.0136363636363636,0.0136363636363636,0.0201298701298701
"233","< 27 Months","Signer",0.959577922077922,0.0422240259740259,0.0332792207792209
"233","< 27 Months","Target",0.0267857142857143,0.0267857142857143,0.0446428571428571
"233",">= 27 Months","Distractor",0.00909090909090909,0.00909090909090909,0.0151515151515152
"233",">= 27 Months","Signer",0.984848484848485,0.0272727272727272,0.0151515151515151
"233",">= 27 Months","Target",0.00606060606060606,0.00606060606060606,0.0121212121212121
"233","Adults","Distractor",0.00223214285714286,0.00223214285714286,0.00446428571428571
"233","Adults","Signer",0.926010917359094,0.0659741406058683,0.0537426232311401
"233","Adults","Target",0.0717569397837631,0.0532872995449696,0.0686253028494219
"267","< 27 Months","Distractor",0.0136363636363636,0.0136363636363636,0.0207792207792208
"267","< 27 Months","Signer",0.959577922077922,0.0399350649350649,0.0332792207792209
"267","< 27 Months","Target",0.0267857142857143,0.0267857142857143,0.0357142857142857
"267",">= 27 Months","Distractor",0.00909090909090909,0.00909090909090909,0.0151515151515152
"267",">= 27 Months","Signer",0.984848484848485,0.0272727272727272,0.0151515151515151
"267",">= 27 Months","Target",0.00606060606060606,0.00606060606060606,0.0121212121212121
"267","Adults","Distractor",0.00223214285714286,0.00223214285714286,0.00446428571428571
"267","Adults","Signer",0.908285952047812,0.0787101049689996,0.060070792837337
"267","Adults","Target",0.0894819050950455,0.0597071428257683,0.0765729006656425
"300","< 27 Months","Distractor",0.019047619047619,0.019047619047619,0.0285714285714286
"300","< 27 Months","Signer",0.954166666666667,0.0464434523809525,0.0369047619047619
"300","< 27 Months","Target",0.0267857142857143,0.0267857142857143,0.0446428571428571
"300",">= 27 Months","Distractor",0.00909090909090909,0.00909090909090909,0.0151515151515152
"300",">= 27 Months","Signer",0.984848484848485,0.0272727272727272,0.0151515151515151
"300",">= 27 Months","Target",0.00606060606060606,0.00606060606060606,0.0121212121212121
"300","Adults","Distractor",0.00223214285714286,0.00223214285714286,0.00446428571428571
"300","Adults","Signer",0.893444052065524,0.0861034018904483,0.0688918962189503
"300","Adults","Target",0.104323805077333,0.0643421390516905,0.0795582674293611
"333","< 27 Months","Distractor",0.019047619047619,0.019047619047619,0.0286309523809523
"333","< 27 Months","Signer",0.952891156462585,0.046781462585034,0.0352465986394558
"333","< 27 Months","Target",0.0280612244897959,0.0280612244897959,0.0459183673469388
"333",">= 27 Months","Distractor",0.0122655122655123,0.0122655122655123,0.0151515151515152
"333",">= 27 Months","Signer",0.978499278499279,0.0275613275613276,0.0215007215007215
"333",">= 27 Months","Target",0.00923520923520924,0.00923520923520924,0.0152958152958153
"333","Adults","Distractor",0.00223214285714286,0.00223214285714286,0.00446428571428571
"333","Adults","Signer",0.867293577864765,0.0988531752280158,0.0764393440152082
"333","Adults","Target",0.130474279278092,0.0777834451012708,0.0944132092540833
"367","< 27 Months","Distractor",0.0201298701298701,0.0201298701298701,0.0272727272727273
"367","< 27 Months","Signer",0.962012987012987,0.0477516233766234,0.037987012987013
"367","< 27 Months","Target",0.0178571428571429,0.0178571428571429,0.0357142857142857
"367",">= 27 Months","Distractor",0.0122655122655123,0.00923520923520924,0.0126154401154401
"367",">= 27 Months","Signer",0.978499278499279,0.0275613275613276,0.0215007215007215
"367",">= 27 Months","Target",0.00923520923520924,0.00923520923520924,0.0152958152958153
"367","Adults","Distractor",0.00480769230769231,0.00480769230769231,0.00721153846153846
"367","Adults","Signer",0.842467567023629,0.0924852054966243,0.0843781686980989
"367","Adults","Target",0.152724740668679,0.0726491993492501,0.0913699322437892
"400","< 27 Months","Distractor",0.025,0.025,0.0392857142857143
"400","< 27 Months","Signer",0.943452380952381,0.0488095238095237,0.0398958333333334
"400","< 27 Months","Target",0.031547619047619,0.031547619047619,0.0404761904761905
"400",">= 27 Months","Distractor",0.0128715728715729,0.0128715728715729,0.016050505050505
"400",">= 27 Months","Signer",0.973365588659706,0.0297041847041847,0.0227128427128427
"400",">= 27 Months","Target",0.0137628384687208,0.0137628384687208,0.0165079365079365
"400","Adults","Distractor",0.00500801282051282,0.00500801282051282,0.00761217948717949
"400","Adults","Signer",0.8090216098298,0.10728760598238,0.0949303589955529
"400","Adults","Target",0.185970377349688,0.0882481477309063,0.0982449402734963
"433","< 27 Months","Distractor",0.025,0.025,0.0428571428571429
"433","< 27 Months","Signer",0.943452380952381,0.0494047619047618,0.0422767857142857
"433","< 27 Months","Target",0.031547619047619,0.031547619047619,0.0404761904761905
"433",">= 27 Months","Distractor",0.0128715728715729,0.0128715728715729,0.0163636363636364
"433",">= 27 Months","Signer",0.973365588659706,0.02998556998557,0.0227128427128427
"433",">= 27 Months","Target",0.0137628384687208,0.0137628384687208,0.016937441643324
"433","Adults","Distractor",0.00481481481481482,0.00481481481481482,0.00712962962962963
"433","Adults","Signer",0.779874986126742,0.112962978579796,0.0971310881555059
"433","Adults","Target",0.215310199058443,0.0927715890643083,0.10990015485855
"467","< 27 Months","Distractor",0.025,0.025,0.0428571428571429
"467","< 27 Months","Signer",0.9375,0.0595238095238095,0.0440624999999999
"467","< 27 Months","Target",0.0375,0.0375,0.056547619047619
"467",">= 27 Months","Distractor",0.0183261183261183,0.0183261183261183,0.0272763347763348
"467",">= 27 Months","Signer",0.968517103811221,0.0396825396825397,0.0284525931584755
"467",">= 27 Months","Target",0.0131567778626602,0.0131567778626602,0.0163428401663696
"467","Adults","Distractor",0.00473214285714286,0.00473214285714286,0.00697098214285714
"467","Adults","Signer",0.74491792608679,0.122251630537286,0.109077205624017
"467","Adults","Target",0.250349931056067,0.108505050168843,0.111686934593185
"500","< 27 Months","Distractor",0.025,0.025,0.0428571428571429
"500","< 27 Months","Signer",0.9375,0.0619345238095239,0.0464732142857144
"500","< 27 Months","Target",0.0375,0.0328571428571428,0.0476190476190476
"500",">= 27 Months","Distractor",0.0259865738126608,0.0199137336093858,0.0264094359746534
"500",">= 27 Months","Signer",0.960856648324679,0.0392661175141994,0.0292929292929294
"500",">= 27 Months","Target",0.0131567778626602,0.0131567778626602,0.015007215007215
"500","Adults","Distractor",0.00679116142478211,0.00679116142478211,0.00703983516483517
"500","Adults","Signer",0.717187026190259,0.109642002132304,0.111667715501094
"500","Adults","Target",0.276021812384959,0.104308730870423,0.111409563893265
"533","< 27 Months","Distractor",0.0321428571428571,0.0321428571428571,0.0428571428571429
"533","< 27 Months","Signer",0.918452380952381,0.0839434523809522,0.0553571428571429
"533","< 27 Months","Target",0.0494047619047619,0.0446428571428571,0.0755952380952381
"533",">= 27 Months","Distractor",0.0261183261183261,0.0199134199134199,0.029011544011544
"533",">= 27 Months","Signer",0.960724896019014,0.0404040404040404,0.029004329004329
"533",">= 27 Months","Target",0.0131567778626602,0.0131567778626602,0.0160427807486631
"533","Adults","Distractor",0.00441997518610422,0.00441997518610422,0.00644579714640198
"533","Adults","Signer",0.686811822953018,0.120655457971267,0.109540929396143
"533","Adults","Target",0.308768201860878,0.116138624852157,0.12262774307502
"567","< 27 Months","Distractor",0.0337662337662338,0.0337662337662338,0.0461038961038961
"567","< 27 Months","Signer",0.916829004329004,0.0791842532467533,0.0617424242424242
"567","< 27 Months","Target",0.0494047619047619,0.0494047619047619,0.0761904761904762
"567",">= 27 Months","Distractor",0.0261183261183261,0.0200577200577201,0.026002886002886
"567",">= 27 Months","Signer",0.960479797979798,0.0396856962481963,0.0301406926406926
"567",">= 27 Months","Target",0.0134018759018759,0.0134018759018759,0.01501443001443
"567","Adults","Distractor",0.00458333333333333,0.00458333333333333,0.00666666666666667
"567","Adults","Signer",0.649690603627617,0.122117741605393,0.118690860578713
"567","Adults","Target",0.34572606303905,0.121732407551199,0.129652096887323
"600","< 27 Months","Distractor",0.0478174603174603,0.0398809523809524,0.0625
"600","< 27 Months","Signer",0.89797335600907,0.0843377976190475,0.0666666666666668
"600","< 27 Months","Target",0.0542091836734694,0.0491071428571429,0.0803571428571428
"600",">= 27 Months","Distractor",0.0176334776334776,0.0144588744588745,0.0179264069264069
"600",">= 27 Months","Signer",0.965328282828283,0.0302130230880231,0.0257431457431457
"600",">= 27 Months","Target",0.0170382395382395,0.0138636363636364,0.0175
"600","Adults","Distractor",0.00201612903225806,0.00201612903225806,0.00403225806451613
"600","Adults","Signer",0.622408281516122,0.134275439945296,0.119989234695636
"600","Adults","Target",0.37557558945162,0.127830064163894,0.121030815501533
"633","< 27 Months","Distractor",0.0535574229691877,0.0409523809523809,0.0507303921568627
"633","< 27 Months","Signer",0.878859634762996,0.0786311911128087,0.070662901524246
"633","< 27 Months","Target",0.0675829422678162,0.0502545904725527,0.0796931272509003
"633",">= 27 Months","Distractor",0.0230659155659156,0.0167022792022792,0.019734638047138
"633",">= 27 Months","Signer",0.963229178229178,0.0269555860805861,0.0242383542383543
"633",">= 27 Months","Target",0.0137049062049062,0.010530303030303,0.0125685425685426
"633","Adults","Distractor",0.00231481481481481,0.00231481481481481,0.00462962962962963
"633","Adults","Signer",0.581971658547659,0.120479255964928,0.132712997353777
"633","Adults","Target",0.415713526637527,0.123120379438609,0.12744062840081
"667","< 27 Months","Distractor",0.0711309523809524,0.0434598214285714,0.0509151785714285
"667","< 27 Months","Signer",0.844047619047619,0.0678720238095238,0.0636904761904762
"667","< 27 Months","Target",0.0848214285714286,0.0520907738095238,0.0806622023809523
"667",">= 27 Months","Distractor",0.0253410478410478,0.0189918414918415,0.0202989302364302
"667",">= 27 Months","Signer",0.957748304327252,0.0301066017316017,0.028793362339415
"667",">= 27 Months","Target",0.0169106478317005,0.0134018759018759,0.0146802612592086
"667","Adults","Distractor",0.00240384615384615,0.00240384615384615,0.00480769230769231
"667","Adults","Signer",0.533286819862907,0.126296670117322,0.133325244552147
"667","Adults","Target",0.464309333983247,0.126710537148037,0.126225550114137
"700","< 27 Months","Distractor",0.0647534013605442,0.0462585034013605,0.0559119897959184
"700","< 27 Months","Signer",0.839823172858887,0.0730048894557824,0.0670964699982557
"700","< 27 Months","Target",0.0954234257805686,0.0576824960753532,0.0784509637188208
"700",">= 27 Months","Distractor",0.0284944684944685,0.0179256854256854,0.0205579605579606
"700",">= 27 Months","Signer",0.930363217029884,0.0349310565977232,0.0302726656059991
"700",">= 27 Months","Target",0.0411423144756478,0.0209033374033374,0.0231287477954145
"700","Adults","Distractor",0.00223214285714286,0.00223214285714286,0.00446428571428571
"700","Adults","Signer",0.489298075989208,0.133056071051122,0.127899913117663
"700","Adults","Target",0.508469781153649,0.124401542329175,0.113296992921175
"733","< 27 Months","Distractor",0.0654417011559869,0.0442589553303839,0.0525510204081633
"733","< 27 Months","Signer",0.831016539851126,0.0719833722042369,0.0670816088673232
"733","< 27 Months","Target",0.103541758992887,0.0584112151945799,0.0752717817896389
"733",">= 27 Months","Distractor",0.0253342953342953,0.0149715007215007,0.0156403318903319
"733",">= 27 Months","Signer",0.927670847670848,0.0352221112221112,0.0329504384504385
"733",">= 27 Months","Target",0.046994856994857,0.0256959059459059,0.028065675065675
"733","Adults","Distractor",0.0021551724137931,0.0021551724137931,0.00431034482758621
"733","Adults","Signer",0.459974091655209,0.127709575484795,0.130225239082468
"733","Adults","Target",0.537870735930998,0.136129748165952,0.12899613180341
"767","< 27 Months","Distractor",0.0697588126159555,0.0473098330241187,0.0537801484230055
"767","< 27 Months","Signer",0.807289734075448,0.0705001546072974,0.069512987012987
"767","< 27 Months","Target",0.122951453308596,0.0613114564007421,0.0808101422387137
"767",">= 27 Months","Distractor",0.0334477831536655,0.0183521949183714,0.0223823246470305
"767",">= 27 Months","Signer",0.907249252925724,0.0455922213407508,0.0386317994369465
"767",">= 27 Months","Target",0.059302963920611,0.0302352746654217,0.0329130563336446
"767","Adults","Distractor",0,0,0
"767","Adults","Signer",0.421204702697405,0.126484802301595,0.128923681673041
"767","Adults","Target",0.578795297302595,0.128260719243445,0.129331183873583
"800","< 27 Months","Distractor",0.0726190476190476,0.0452838010204082,0.0536617772108843
"800","< 27 Months","Signer",0.803450590762621,0.0649312455245257,0.0670131802721088
"800","< 27 Months","Target",0.123930361618332,0.0586913712853562,0.0603835481561045
"800",">= 27 Months","Distractor",0.0383354880413704,0.0216614145658263,0.0238928571428571
"800",">= 27 Months","Signer",0.888718948807184,0.0456718622880388,0.0408497446725388
"800",">= 27 Months","Target",0.0729455631514455,0.0313317950023832,0.0343222356347356
"800","Adults","Distractor",0.001953125,0.001953125,0.00390625
"800","Adults","Signer",0.381000167863572,0.114714777970772,0.12326617790485
"800","Adults","Target",0.617046707136428,0.129427983528814,0.115155118379312
"833","< 27 Months","Distractor",0.0917189952904239,0.0541666666666667,0.0611800922291994
"833","< 27 Months","Signer",0.780197058580517,0.0756424242267758,0.078178731512848
"833","< 27 Months","Target",0.128083946129059,0.0595629785314936,0.0620748299319728
"833",">= 27 Months","Distractor",0.0450939692116163,0.0237678421796069,0.0238847410759175
"833",">= 27 Months","Signer",0.851321793674735,0.0679278292513587,0.0608180109650698
"833",">= 27 Months","Target",0.103584237113649,0.0511166774402068,0.0532220905456199
"833","Adults","Distractor",0.0149770101800001,0.0111891313921213,0.0127603184136322
"833","Adults","Signer",0.349898555177611,0.110311795814866,0.117340001554309
"833","Adults","Target",0.635124434642389,0.124806382795665,0.117375614735462
"867","< 27 Months","Distractor",0.0951530612244898,0.0526073554421769,0.0608896683673469
"867","< 27 Months","Signer",0.761000716075904,0.0806488878446114,0.0775374820981024
"867","< 27 Months","Target",0.143846222699606,0.0671678079126387,0.0647116675617616
"867",">= 27 Months","Distractor",0.0491277716664714,0.0243324500290445,0.0258078120136944
"867",">= 27 Months","Signer",0.829770884629547,0.0720371914221691,0.0686075503300735
"867",">= 27 Months","Target",0.121101343703982,0.0557201405978496,0.0676454064903553
"867","Adults","Distractor",0.0143719561688312,0.0103354978354978,0.0123281503652597
"867","Adults","Signer",0.325103323848654,0.105077811949571,0.127475420485518
"867","Adults","Target",0.660524719982515,0.118344955575817,0.115252201654013
"900","< 27 Months","Distractor",0.095786951144094,0.0482265576685219,0.0532898500309215
"900","< 27 Months","Signer",0.759763857696188,0.0772075684340722,0.0769097866419296
"900","< 27 Months","Target",0.144449191159717,0.0672413989519253,0.0662099851902483
"900",">= 27 Months","Distractor",0.0472020572020572,0.0260239667739668,0.02903996003996
"900",">= 27 Months","Signer",0.811499981499981,0.0834515484515485,0.079258732008732
"900",">= 27 Months","Target",0.141297961297961,0.0607281607281607,0.069453120953121
"900","Adults","Distractor",0.0161884071810542,0.010132535968933,0.010862757034632
"900","Adults","Signer",0.315918545285146,0.110406530285658,0.114539236547608
"900","Adults","Target",0.667893047533799,0.122450498500155,0.112067830309622
"933","< 27 Months","Distractor",0.118405998763142,0.0491180619975263,0.0512377280457637
"933","< 27 Months","Signer",0.73526283240569,0.0901041086889302,0.0882406655844156
"933","< 27 Months","Target",0.146331168831169,0.0667922077922078,0.0660251623376623
"933",">= 27 Months","Distractor",0.0499595393713041,0.0231883753501401,0.0242219887955182
"933",">= 27 Months","Signer",0.775836679851128,0.0917941347629169,0.074919959211755
"933",">= 27 Months","Target",0.174203780777568,0.0696558983767446,0.087274036860208
"933","Adults","Distractor",0.0185404265873016,0.0107411334325397,0.0115403645833333
"933","Adults","Signer",0.310094338228474,0.10523360781739,0.11662056086459
"933","Adults","Target",0.671365235184224,0.114500483765863,0.11060259329303
"967","< 27 Months","Distractor",0.111621539261291,0.0467595850922714,0.0504573407096699
"967","< 27 Months","Signer",0.728086880338433,0.0875384291562474,0.0840206425949827
"967","< 27 Months","Target",0.160291580400276,0.0702234299516908,0.0677661318150449
"967",">= 27 Months","Distractor",0.0637492721703248,0.026488455988456,0.0264358497253234
"967",">= 27 Months","Signer",0.723222469538259,0.0860526447236973,0.0829627287916761
"967",">= 27 Months","Target",0.213028258291416,0.085561068074226,0.0959817604422867
"967","Adults","Distractor",0.017179273120885,0.00991252670940171,0.00985346250971251
"967","Adults","Signer",0.297662727136411,0.108968063947505,0.121437895529178
"967","Adults","Target",0.685157999742704,0.120805157443829,0.110146991779085
"1000","< 27 Months","Distractor",0.110545692636029,0.0513982467987195,0.0546153301064016
"1000","< 27 Months","Signer",0.727804134474303,0.101599481138609,0.103459162511158
"1000","< 27 Months","Target",0.161650172889669,0.0761720649798381,0.0726016368085696
"1000",">= 27 Months","Distractor",0.0614276464276464,0.0262602582602583,0.0325434010434011
"1000",">= 27 Months","Signer",0.699109594109594,0.100510262885263,0.0848808876308875
"1000",">= 27 Months","Target",0.239462759462759,0.0802809042809043,0.0942068302068302
"1000","Adults","Distractor",0.0187096505238739,0.0123878114434142,0.0157679931080017
"1000","Adults","Signer",0.287541382204513,0.095681180777756,0.102535520075323
"1000","Adults","Target",0.693748967271613,0.121727776508731,0.101817252102543
"1033","< 27 Months","Distractor",0.106215895449089,0.050463736631016,0.0561760954381752
"1033","< 27 Months","Signer",0.706793399177853,0.104303477072647,0.0949565621703227
"1033","< 27 Months","Target",0.186990705373058,0.0762783295136236,0.0782002573756776
"1033",">= 27 Months","Distractor",0.0645183208604261,0.027806228785834,0.0268041779127305
"1033",">= 27 Months","Signer",0.662143169695801,0.0864312598950757,0.0809812455088771
"1033",">= 27 Months","Target",0.273338509443773,0.0808155112431428,0.091729890577259
"1033","Adults","Distractor",0.018702677912537,0.0123815826205365,0.015986854798474
"1033","Adults","Signer",0.278105211012101,0.102592900812624,0.104646734257028
"1033","Adults","Target",0.703192111075362,0.107357725674,0.106065657759545
"1067","< 27 Months","Distractor",0.113673591446148,0.0537966110487257,0.0576994434137291
"1067","< 27 Months","Signer",0.693508324382385,0.10632459293526,0.0991077226345083
"1067","< 27 Months","Target",0.192818084171468,0.0757828825310028,0.0876327690166976
"1067",">= 27 Months","Distractor",0.0617086305507358,0.0250454782790309,0.0261863360323887
"1067",">= 27 Months","Signer",0.626729066255382,0.0982726949950634,0.0867360131096974
"1067",">= 27 Months","Target",0.311562303193882,0.0812933055248845,0.0823302007933587
"1067","Adults","Distractor",0.0152902958274295,0.00946212890993943,0.0104162156645276
"1067","Adults","Signer",0.268796627925959,0.109297655420882,0.109493684254501
"1067","Adults","Target",0.715913076246612,0.107973854672612,0.100073491390818
"1100","< 27 Months","Distractor",0.113810524209684,0.0549044617847139,0.0578837785114046
"1100","< 27 Months","Signer",0.68497601837938,0.11314906032343,0.104660778647123
"1100","< 27 Months","Target",0.201213457410936,0.0866349555556488,0.0915483011386373
"1100",">= 27 Months","Distractor",0.0627495649250035,0.026753142366081,0.0254313000109053
"1100",">= 27 Months","Signer",0.605564155792226,0.101308396330765,0.0821596419013086
"1100",">= 27 Months","Target",0.331686279282771,0.0835703091904846,0.0900920383628716
"1100","Adults","Distractor",0.0128034547152194,0.00912698412698413,0.0107269782913165
"1100","Adults","Signer",0.255367986405639,0.109781270511731,0.123686509255174
"1100","Adults","Target",0.731828558879142,0.108752005820179,0.0991485076103326
"1133","< 27 Months","Distractor",0.11827947845805,0.0532011763038549,0.059499716553288
"1133","< 27 Months","Signer",0.675532741068455,0.116639320500928,0.105036503674896
"1133","< 27 Months","Target",0.206187780473495,0.0790313951921095,0.096295819260105
"1133",">= 27 Months","Distractor",0.0567279325612659,0.0282670469962137,0.0302164818206485
"1133",">= 27 Months","Signer",0.577654012654013,0.0900624144374144,0.0909291518666518
"1133",">= 27 Months","Target",0.365618054784721,0.0764050925925926,0.0899826068992736
"1133","Adults","Distractor",0.00945559258186033,0.00766987829614604,0.0106612666618371
"1133","Adults","Signer",0.241822112661679,0.105216993297123,0.11212950983685
"1133","Adults","Target",0.748722294756461,0.11281979370412,0.105977520137169
"1167","< 27 Months","Distractor",0.109665532879819,0.0586607142857143,0.0659360827664399
"1167","< 27 Months","Signer",0.660738765203051,0.124787414965986,0.112319173881674
"1167","< 27 Months","Target",0.22959570191713,0.0873465522572666,0.103343189548547
"1167",">= 27 Months","Distractor",0.0650442734653261,0.0300065538749749,0.0341537273642537
"1167",">= 27 Months","Signer",0.557854964093354,0.107872690433062,0.0973697713535174
"1167",">= 27 Months","Target",0.37710076244132,0.0755410975619955,0.0869844665568349
"1167","Adults","Distractor",0.00721104231166151,0.00721104231166151,0.0089109262125903
"1167","Adults","Signer",0.240337976321351,0.111265503147447,0.117254107401204
"1167","Adults","Target",0.752450981366988,0.131980082999079,0.104736513099444
"1200","< 27 Months","Distractor",0.105867211318339,0.0541050136162918,0.0655947227375799
"1200","< 27 Months","Signer",0.644589829552236,0.131956785904154,0.111453023793249
"1200","< 27 Months","Target",0.249542959129425,0.0971099149388623,0.0992535858043377
"1200",">= 27 Months","Distractor",0.0602627274686098,0.0274609752992106,0.0296686928267811
"1200",">= 27 Months","Signer",0.497234105763518,0.0865073529411765,0.0914320409982175
"1200",">= 27 Months","Target",0.442503166767873,0.0752329227145404,0.0828026487401487
"1200","Adults","Distractor",0.0021551724137931,0.0021551724137931,0.00431034482758621
"1200","Adults","Signer",0.2482480238155,0.105607400235162,0.119470217309102
"1200","Adults","Target",0.749596803770707,0.111727936035199,0.11459315968937
"1233","< 27 Months","Distractor",0.114932018691417,0.0529451203558346,0.0644811375967391
"1233","< 27 Months","Signer",0.622356543832108,0.123193348526995,0.120414317042607
"1233","< 27 Months","Target",0.262711437476475,0.0937546346980088,0.0941355951118639
"1233",">= 27 Months","Distractor",0.0578976576137701,0.0282920492834815,0.0325245453253765
"1233",">= 27 Months","Signer",0.483346630067858,0.0860761554621848,0.0808908927673634
"1233",">= 27 Months","Target",0.458755712318372,0.0648649910298568,0.0799909552617034
"1233","Adults","Distractor",0.00223214285714286,0.00223214285714286,0.00446428571428571
"1233","Adults","Signer",0.247152713405842,0.118508187742406,0.124520360337544
"1233","Adults","Target",0.750615143737015,0.123631827195561,0.118391987478003
"1267","< 27 Months","Distractor",0.11088487535856,0.0450826950826951,0.0559397546897547
"1267","< 27 Months","Signer",0.619719498337919,0.120646982768693,0.125210432842012
"1267","< 27 Months","Target",0.269395626303521,0.0955708874458875,0.103918425324675
"1267",">= 27 Months","Distractor",0.0678617938125947,0.0306702794535747,0.0334071907783292
"1267",">= 27 Months","Signer",0.462223239003559,0.0834043864538715,0.079307883160572
"1267",">= 27 Months","Target",0.469914967183846,0.0670357906871923,0.0651084877396947
"1267","Adults","Distractor",0.0021551724137931,0.0021551724137931,0.00431034482758621
"1267","Adults","Signer",0.244230018165902,0.106715404472005,0.118964866912402
"1267","Adults","Target",0.753614809420305,0.128605728525246,0.112201351116357
"1300","< 27 Months","Distractor",0.116219821261838,0.0570286447912498,0.0671481092436975
"1300","< 27 Months","Signer",0.576867413632119,0.127844804588502,0.1271872915833
"1300","< 27 Months","Target",0.306912765106042,0.0979034113645458,0.0876605642256902
"1300",">= 27 Months","Distractor",0.0675391690689174,0.030009278631361,0.0329678942910636
"1300",">= 27 Months","Signer",0.451370966046562,0.0827660195224975,0.0740706723729001
"1300",">= 27 Months","Target",0.481089864884521,0.0700322576383773,0.074435987433731
"1300","Adults","Distractor",0.00223214285714286,0.00223214285714286,0.00446428571428571
"1300","Adults","Signer",0.262616210277214,0.11524903963022,0.123889825027233
"1300","Adults","Target",0.735151646865643,0.129986702056301,0.112511243721626
"1333","< 27 Months","Distractor",0.103898867239203,0.0463460384153662,0.0547490246098439
"1333","< 27 Months","Signer",0.549445932219041,0.11609843937575,0.111126296672515
"1333","< 27 Months","Target",0.346655200541755,0.0827902410964386,0.0823467752485609
"1333",">= 27 Months","Distractor",0.0595627139744787,0.028973895113601,0.0312924058512294
"1333",">= 27 Months","Signer",0.441927121725883,0.0839891354202499,0.0857906162464986
"1333",">= 27 Months","Target",0.498510164299638,0.0689435639752978,0.0710650236702868
"1333","Adults","Distractor",0.00208333333333333,0.00208333333333333,0.00416666666666667
"1333","Adults","Signer",0.276881718410091,0.125959061530783,0.135524427767798
"1333","Adults","Target",0.721034948256576,0.13055980384577,0.112968745352026
"1367","< 27 Months","Distractor",0.11670425746056,0.0518842764378479,0.0545091521457067
"1367","< 27 Months","Signer",0.522234348284768,0.112894710914669,0.1216142593401
"1367","< 27 Months","Target",0.361061394254672,0.0856500100040015,0.0845259467423333
"1367",">= 27 Months","Distractor",0.0510971055088702,0.023629940865235,0.0249523809523809
"1367",">= 27 Months","Signer",0.433354401589696,0.0816776377217553,0.0768579389020566
"1367",">= 27 Months","Target",0.515548492901434,0.0693296942708708,0.0755245277598219
"1367","Adults","Distractor",0.00208333333333333,0.00208333333333333,0.00416666666666667
"1367","Adults","Signer",0.282071250461037,0.112999037254402,0.134275398048998
"1367","Adults","Target",0.715845416205629,0.133135446556107,0.121557830824649
"1400","< 27 Months","Distractor",0.11991445759786,0.0542321051374255,0.0584328323390613
"1400","< 27 Months","Signer",0.478571733657378,0.106743720899731,0.107300693589793
"1400","< 27 Months","Target",0.401513808744762,0.0910558557056866,0.0850409348301898
"1400",">= 27 Months","Distractor",0.0551580641580642,0.0297346875346875,0.0379108974358974
"1400",">= 27 Months","Signer",0.434410963763905,0.0830602800793977,0.0756278997690762
"1400",">= 27 Months","Target",0.510430972078031,0.0849052045993222,0.0830887395828572
"1400","Adults","Distractor",0.00208333333333333,0.00208333333333333,0.00416666666666667
"1400","Adults","Signer",0.293253625277923,0.108295557377306,0.120857987967841
"1400","Adults","Target",0.704663041388744,0.12916932563795,0.112813420664701
"1433","< 27 Months","Distractor",0.118179002370179,0.055644998383969,0.0589571886446886
"1433","< 27 Months","Signer",0.48571505525287,0.110876490019085,0.116921032836211
"1433","< 27 Months","Target",0.396105942376951,0.0853034338735494,0.084077289569674
"1433",">= 27 Months","Distractor",0.0540503940503941,0.0273015873015873,0.0323572538572539
"1433",">= 27 Months","Signer",0.410424216306569,0.0835259348494642,0.0791809171220936
"1433",">= 27 Months","Target",0.535525389643037,0.0871942371354136,0.0878158834629422
"1433","Adults","Distractor",0.00208333333333333,0.00208333333333333,0.00416666666666667
"1433","Adults","Signer",0.306428470131195,0.119497908325903,0.124124479457401
"1433","Adults","Target",0.691488196535471,0.127917015778311,0.109136625522106
"1467","< 27 Months","Distractor",0.141530650721827,0.0711753210899744,0.0824702477144704
"1467","< 27 Months","Signer",0.449951711453812,0.119093647074214,0.116699121956475
"1467","< 27 Months","Target",0.408517637824361,0.0848932265213778,0.0764916928309785
"1467",">= 27 Months","Distractor",0.0522200263504611,0.0276095191040843,0.0280462779973649
"1467",">= 27 Months","Signer",0.404288223853441,0.0863697299077734,0.0782857064433151
"1467",">= 27 Months","Target",0.543491749796098,0.0885605746910095,0.08999117730096
"1467","Adults","Distractor",0.0021551724137931,0.0021551724137931,0.00431034482758621
"1467","Adults","Signer",0.323871466367447,0.118032866486336,0.120645754767807
"1467","Adults","Target",0.67397336121876,0.123712370612901,0.120124723049741
"1500","< 27 Months","Distractor",0.132297790911236,0.0676141289849273,0.0743795595161142
"1500","< 27 Months","Signer",0.442594217174049,0.120962218220622,0.126227600014365
"1500","< 27 Months","Target",0.425107991914715,0.089257459394014,0.0804062907214167
"1500",">= 27 Months","Distractor",0.0561472416472416,0.0270991647241647,0.0270730186480186
"1500",">= 27 Months","Signer",0.397696747696748,0.0819540459540459,0.0854586524586525
"1500",">= 27 Months","Target",0.546156010656011,0.0913696081696081,0.0894056263181263
"1500","Adults","Distractor",0.00223214285714286,0.00223214285714286,0.00446428571428571
"1500","Adults","Signer",0.338500753915625,0.128349351167025,0.126329997628196
"1500","Adults","Target",0.659267103227233,0.124788601431952,0.124776955124722
"1533","< 27 Months","Distractor",0.129765571729857,0.0648572409733124,0.0689805853868354
"1533","< 27 Months","Signer",0.421791403041403,0.113259114397507,0.12409752449931
"1533","< 27 Months","Target",0.44844302522874,0.0917783208854638,0.077108087844695
"1533",">= 27 Months","Distractor",0.0521747287227163,0.0237634980688386,0.0233664933277936
"1533",">= 27 Months","Signer",0.386687612926003,0.0920875246184844,0.0889778921628766
"1533",">= 27 Months","Target",0.561137658351281,0.102177474658125,0.0940761597650143
"1533","Adults","Distractor",0.00389128352490421,0.00389128352490421,0.00563787116858237
"1533","Adults","Signer",0.351943672031147,0.136579926317344,0.135091023644206
"1533","Adults","Target",0.644165044443949,0.142288416803503,0.136183616572182
"1567","< 27 Months","Distractor",0.125026405298962,0.0654540368779091,0.0745090964017185
"1567","< 27 Months","Signer",0.421322502685285,0.119194739079842,0.128996911922664
"1567","< 27 Months","Target",0.453651092015754,0.0940703097028285,0.0769322077515217
"1567",">= 27 Months","Distractor",0.0566138169399039,0.0271292716944891,0.0254456523750002
"1567",">= 27 Months","Signer",0.370451899782563,0.0885611589179953,0.0976663059850989
"1567",">= 27 Months","Target",0.572934283277533,0.0956301944517047,0.0915691347384712
"1567","Adults","Distractor",0.00590277777777778,0.00590277777777778,0.0100694444444444
"1567","Adults","Signer",0.368387455869404,0.130846642669124,0.14026405012436
"1567","Adults","Target",0.625709766352818,0.140761864559667,0.138863917513845
"1600","< 27 Months","Distractor",0.134824642775771,0.0617983473293623,0.067468940207662
"1600","< 27 Months","Signer",0.414782614002539,0.11971992176057,0.112278765094554
"1600","< 27 Months","Target",0.450392743221691,0.0849709145021645,0.078583392328223
"1600",">= 27 Months","Distractor",0.0688949013949014,0.035947570947571,0.0389107744107744
"1600",">= 27 Months","Signer",0.353449975949976,0.0787026815776816,0.0929996993746993
"1600",">= 27 Months","Target",0.577655122655123,0.107554593554594,0.0945327681577682
"1600","Adults","Distractor",0.00604645593869732,0.00604645593869732,0.0103568007662835
"1600","Adults","Signer",0.386495429744015,0.133900296807637,0.15343760042022
"1600","Adults","Target",0.607458114317288,0.143608862675122,0.141470553020059
"1633","< 27 Months","Distractor",0.154413387364515,0.0707442998730593,0.0795722463626598
"1633","< 27 Months","Signer",0.386811061745272,0.112390232887413,0.133830492424242
"1633","< 27 Months","Target",0.458775550890213,0.101808173029978,0.0789912067099566
"1633",">= 27 Months","Distractor",0.0679069264069264,0.0336558441558441,0.0346716991341991
"1633",">= 27 Months","Signer",0.343009505114768,0.0938276907303223,0.111782604237867
"1633",">= 27 Months","Target",0.589083568478305,0.11396254366978,0.101613157310526
"1633","Adults","Distractor",0.00590277777777778,0.00590277777777778,0.0100694444444444
"1633","Adults","Signer",0.398760346876473,0.148483553524597,0.156741879580115
"1633","Adults","Target",0.59533687534575,0.153066383706914,0.142200954034087
"1667","< 27 Months","Distractor",0.199407657799962,0.0872524009603841,0.0937990196078431
"1667","< 27 Months","Signer",0.330876824413976,0.0900532713085234,0.0975534226848634
"1667","< 27 Months","Target",0.469715517786062,0.106954163244245,0.093578747288389
"1667",">= 27 Months","Distractor",0.0793181818181818,0.0362122474747475,0.0371373737373737
"1667",">= 27 Months","Signer",0.341350392985068,0.089409372292654,0.101315679951284
"1667",">= 27 Months","Target",0.57933142519675,0.119458458131136,0.111997530380696
"1667","Adults","Distractor",0.00604645593869732,0.00604645593869732,0.0103568007662835
"1667","Adults","Signer",0.41374514047353,0.153659817845131,0.148257398489672
"1667","Adults","Target",0.580208403587772,0.159684919983922,0.154793996641687
"1700","< 27 Months","Distractor",0.186329147043433,0.0785607993197279,0.0817644557823129
"1700","< 27 Months","Signer",0.321775248560963,0.0696662414965986,0.0803782378335949
"1700","< 27 Months","Target",0.491895604395604,0.0732291666666666,0.0704492085295658
"1700",">= 27 Months","Distractor",0.0810507572349678,0.04114361946533,0.0427148983570036
"1700",">= 27 Months","Signer",0.332577426472163,0.0944104534841377,0.109543758970075
"1700",">= 27 Months","Target",0.586371816292869,0.115093801812223,0.10781946051025
"1700","Adults","Distractor",0.00590277777777778,0.00590277777777778,0.0100694444444444
"1700","Adults","Signer",0.423253881941101,0.156812569748057,0.151564944135802
"1700","Adults","Target",0.570843340281121,0.168990602279525,0.159507189094638
"1733","< 27 Months","Distractor",0.181194400837258,0.0767240646258503,0.0873363095238095
"1733","< 27 Months","Signer",0.321616082330368,0.0673705956741671,0.0773710317460317
"1733","< 27 Months","Target",0.497189516832374,0.0709990406418978,0.0707866736438165
"1733",">= 27 Months","Distractor",0.0819755050018208,0.0421883233725339,0.0460312707516655
"1733",">= 27 Months","Signer",0.321771094402673,0.0926869256474519,0.106073865218602
"1733",">= 27 Months","Target",0.596253400595506,0.119016853030011,0.105902532774243
"1733","Adults","Distractor",0.00590277777777778,0.00590277777777778,0.0100694444444444
"1733","Adults","Signer",0.42988233730662,0.166708380068023,0.162337213482967
"1733","Adults","Target",0.564214884915602,0.163890057325272,0.141844692095405
"1767","< 27 Months","Distractor",0.173852040816327,0.0767431972789115,0.0803582057823129
"1767","< 27 Months","Signer",0.317729591836735,0.0687563775510204,0.0758960459183673
"1767","< 27 Months","Target",0.508418367346939,0.0713031462585034,0.0650616496598638
"1767",">= 27 Months","Distractor",0.0851127231519388,0.0433118540863639,0.051128544295211
"1767",">= 27 Months","Signer",0.329870037083659,0.0987192056309703,0.119513387226236
"1767",">= 27 Months","Target",0.585017239764402,0.121774161711468,0.109197271501193
"1767","Adults","Distractor",0.00821759259259259,0.00821759259259259,0.0100694444444444
"1767","Adults","Signer",0.43638093405987,0.154439252345828,0.1526754566621
"1767","Adults","Target",0.555401473347537,0.154978153538796,0.142494310428039
"1800","< 27 Months","Distractor",0.1620670995671,0.0686593614718615,0.0744088203463203
"1800","< 27 Months","Signer",0.31722582972583,0.0727412518037518,0.0706849747474748
"1800","< 27 Months","Target",0.520707070707071,0.0635741341991342,0.0584117965367966
"1800",">= 27 Months","Distractor",0.0826483019904072,0.0442561951936952,0.0467516273930748
"1800",">= 27 Months","Signer",0.313000960053592,0.0896143180406338,0.108942562213615
"1800",">= 27 Months","Target",0.604350737956001,0.119721970743681,0.0971597867775499
"1800","Adults","Distractor",0.00821759259259259,0.00821759259259259,0.0101851851851852
"1800","Adults","Signer",0.444636585477103,0.155095714171684,0.154551647167488
"1800","Adults","Target",0.547145821930305,0.166260448024995,0.150426929392447
"1833","< 27 Months","Distractor",0.162551759834369,0.0690489130434783,0.0757259316770186
"1833","< 27 Months","Signer",0.307621635610766,0.0638819875776398,0.067151268115942
"1833","< 27 Months","Target",0.529826604554865,0.0572149974120083,0.0607201086956521
"1833",">= 27 Months","Distractor",0.0854185259185259,0.037970695970696,0.0432562645687646
"1833",">= 27 Months","Signer",0.312124035808246,0.0919951481267271,0.109969015876911
"1833",">= 27 Months","Target",0.602457438273228,0.113608022995523,0.102881904255589
"1833","Adults","Distractor",0.00851521164021164,0.00851521164021164,0.0108341600529101
"1833","Adults","Signer",0.452080153082174,0.167589191213132,0.169337206968317
"1833","Adults","Target",0.539404635277614,0.159118494006052,0.164222821636897
"1867","< 27 Months","Distractor",0.154593144950288,0.0624821428571428,0.0786857993197279
"1867","< 27 Months","Signer",0.319241016919588,0.0667481030873888,0.0707571025204953
"1867","< 27 Months","Target",0.526165838130124,0.0639840615733472,0.0605091411564624
"1867",">= 27 Months","Distractor",0.083902143608026,0.0404896133278486,0.046770162027515
"1867",">= 27 Months","Signer",0.296073479897009,0.0975965137803373,0.116708001965355
"1867",">= 27 Months","Target",0.620024376494965,0.11278561634444,0.0973049766138
"1867","Adults","Distractor",0.00845030209254347,0.00845030209254347,0.00970575909961684
"1867","Adults","Signer",0.458477990132912,0.166698799270243,0.175526432604416
"1867","Adults","Target",0.533071707774544,0.178372892775885,0.158686666906632
"1900","< 27 Months","Distractor",0.170761976119119,0.0793810356310356,0.0983090272822416
"1900","< 27 Months","Signer",0.306484884163456,0.0864333062770563,0.0922093382807668
"1900","< 27 Months","Target",0.522753139717425,0.0615550595238095,0.0567219387755102
"1900",">= 27 Months","Distractor",0.0889142302867793,0.0433309464682014,0.0503935166141048
"1900",">= 27 Months","Signer",0.286399132152486,0.0975675088394387,0.115692487886115
"1900",">= 27 Months","Target",0.624686637560735,0.118891799315045,0.102570339308858
"1900","Adults","Distractor",0.00827859879584017,0.00827859879584017,0.0108528325123153
"1900","Adults","Signer",0.469905705586245,0.174337318869893,0.183600838084394
"1900","Adults","Target",0.521815695617914,0.175262457591889,0.179049283144385
"1933","< 27 Months","Distractor",0.175663936903433,0.078240294369496,0.0817127760194987
"1933","< 27 Months","Signer",0.294159954191467,0.0980887525464731,0.0984496582723998
"1933","< 27 Months","Target",0.5301761089051,0.0573641572013421,0.0569020973774126
"1933",">= 27 Months","Distractor",0.0837349687349687,0.0430648749398749,0.0477094155844155
"1933",">= 27 Months","Signer",0.291441760853526,0.0941079236667472,0.121497347423818
"1933",">= 27 Months","Target",0.624823270411506,0.103728152566388,0.105691325014854
"1933","Adults","Distractor",0.00805795019157088,0.00632183908045977,0.00875239463601532
"1933","Adults","Signer",0.47212783332663,0.175272147612814,0.173646566597941
"1933","Adults","Target",0.519814216481799,0.183336246712381,0.169713098496956
"1967","< 27 Months","Distractor",0.166963176510943,0.0777216006940134,0.0734863896791694
"1967","< 27 Months","Signer",0.284692354122363,0.0993183068682018,0.106990331925925
"1967","< 27 Months","Target",0.548344469366694,0.0585858727462277,0.0552380563469407
"1967",">= 27 Months","Distractor",0.0825487008400815,0.0419712578364371,0.0467087535666865
"1967",">= 27 Months","Signer",0.292617408947557,0.0932710159732864,0.115683974376116
"1967",">= 27 Months","Target",0.624833890212362,0.120065547149755,0.101300819490846
"1967","Adults","Distractor",0.00813492063492063,0.00813492063492063,0.0103670634920635
"1967","Adults","Signer",0.475299542754045,0.176399359270925,0.174963730962097
"1967","Adults","Target",0.516565536611035,0.175523812644176,0.179843133342733
"2000","< 27 Months","Distractor",0.160754605670019,0.0793645324756697,0.0863611595954171
"2000","< 27 Months","Signer",0.283605537111176,0.0986299409915481,0.109545980413697
"2000","< 27 Months","Target",0.555639857218805,0.0716321322787488,0.0762492106890603
"2000",">= 27 Months","Distractor",0.0921820122697316,0.0389193955005359,0.0479426438571175
"2000",">= 27 Months","Signer",0.286880754073737,0.0964091710758377,0.124073915850232
"2000",">= 27 Months","Target",0.620937233656532,0.10708269410901,0.103157030834662
"2000","Adults","Distractor",0.00851521164021164,0.00851521164021164,0.0106646825396825
"2000","Adults","Signer",0.488365519125281,0.173752123274646,0.175369851306847
"2000","Adults","Target",0.503119269234507,0.179521005172082,0.176570748030266
"2033","< 27 Months","Distractor",0.169345238095238,0.0848363095238095,0.0997023809523809
"2033","< 27 Months","Signer",0.289073129251701,0.110239158163265,0.122491496598639
"2033","< 27 Months","Target",0.541581632653061,0.0738371598639456,0.0749426020408163
"2033",">= 27 Months","Distractor",0.0976590076590077,0.0430995670995671,0.047154304029304
"2033",">= 27 Months","Signer",0.280546812709284,0.094354029234178,0.120302206247858
"2033",">= 27 Months","Target",0.621794179631708,0.111892504647653,0.098932233828973
"2033","Adults","Distractor",0.00648148148148148,0.00648148148148148,0.0106481481481481
"2033","Adults","Signer",0.485982721355705,0.182324357220401,0.170455326063945
"2033","Adults","Target",0.507535797162813,0.182796582314601,0.187758750303609
"2067","< 27 Months","Distractor",0.166380552220888,0.0752954181672669,0.0879391756702681
"2067","< 27 Months","Signer",0.294801920768307,0.102548194277711,0.116667942176871
"2067","< 27 Months","Target",0.538817527010804,0.0723857793117246,0.0749132653061224
"2067",">= 27 Months","Distractor",0.0983476400143067,0.0415693874027207,0.0442072479989147
"2067",">= 27 Months","Signer",0.275085216163648,0.0905638103726339,0.127275013113248
"2067",">= 27 Months","Target",0.626567143822046,0.126987089616992,0.108946465118034
"2067","Adults","Distractor",0.00639880952380952,0.00639880952380952,0.0102678571428571
"2067","Adults","Signer",0.488422209756413,0.175776548669397,0.18307317640984
"2067","Adults","Target",0.505178980719778,0.182230424978824,0.197056089828712
"2100","< 27 Months","Distractor",0.148816449656786,0.070315837873611,0.0840525633330255
"2100","< 27 Months","Signer",0.307267907162865,0.102177287581699,0.101884920634921
"2100","< 27 Months","Target",0.543915643180349,0.0712065114507341,0.0682203362114077
"2100",">= 27 Months","Distractor",0.0876926776926777,0.0394458041958042,0.0368891293891294
"2100",">= 27 Months","Signer",0.282866369383397,0.0990235307061933,0.137411988610518
"2100",">= 27 Months","Target",0.629440952923925,0.116171088758163,0.10315043775454
"2100","Adults","Distractor",0.00632183908045977,0.00632183908045977,0.0103448275862069
"2100","Adults","Signer",0.489133769683686,0.185704245430938,0.181906819171054
"2100","Adults","Target",0.504544391235854,0.17388796130172,0.161301130530396
"2133","< 27 Months","Distractor",0.130817756804599,0.0684326775198486,0.0733853646353646
"2133","< 27 Months","Signer",0.332957497807122,0.1013698409986,0.119794130003246
"2133","< 27 Months","Target",0.536224745388279,0.0729496113483426,0.0726779123654122
"2133",">= 27 Months","Distractor",0.0851822991822992,0.0338184223184223,0.034561568061568
"2133",">= 27 Months","Signer",0.291820774455449,0.0983684305460621,0.126707535885167
"2133",">= 27 Months","Target",0.622996926362251,0.118079315378464,0.101290584415584
"2133","Adults","Distractor",0.0102864583333333,0.0102864583333333,0.0125
"2133","Adults","Signer",0.495087563162768,0.181941917753236,0.1726270477137
"2133","Adults","Target",0.494625978503898,0.167661626423619,0.166721639722543
"2167","< 27 Months","Distractor",0.128461779448622,0.062390350877193,0.0677799968671679
"2167","< 27 Months","Signer",0.341604010025063,0.103007518796993,0.105965695488722
"2167","< 27 Months","Target",0.529934210526316,0.0729166666666666,0.0653038847117795
"2167",">= 27 Months","Distractor",0.0888603054995122,0.033180558041275,0.0381536403774771
"2167",">= 27 Months","Signer",0.291672893623313,0.099551195621905,0.131459399019067
"2167",">= 27 Months","Target",0.619466800877175,0.130264263810603,0.10803417571707
"2167","Adults","Distractor",0.0104301364942529,0.0104301364942529,0.0126436781609195
"2167","Adults","Signer",0.497193122811431,0.178266650441322,0.168744105890762
"2167","Adults","Target",0.492376740694316,0.17309881334857,0.179539572210943
"2200","< 27 Months","Distractor",0.132660791589363,0.0606599799010513,0.0632581555349413
"2200","< 27 Months","Signer",0.346150278293135,0.115528756957328,0.112040043290043
"2200","< 27 Months","Target",0.521188930117502,0.0738176406926407,0.0736328849721706
"2200",">= 27 Months","Distractor",0.0931901392954025,0.0392048135100767,0.0423641857168172
"2200",">= 27 Months","Signer",0.287935015105294,0.103733464471545,0.107376874759228
"2200",">= 27 Months","Target",0.618874845599304,0.11241529146235,0.107000961668763
"2200","Adults","Distractor",0.0104064039408867,0.0104064039408867,0.0111453201970443
"2200","Adults","Signer",0.506027131866172,0.184686829373525,0.164335654206007
"2200","Adults","Target",0.483566464192942,0.159702666311854,0.17353279385381
"2233","< 27 Months","Distractor",0.143566944615081,0.0715660288641655,0.0797945153535216
"2233","< 27 Months","Signer",0.360518005976081,0.117836192447994,0.112264092231095
"2233","< 27 Months","Target",0.495915049408838,0.0698205564276993,0.0675793745591882
"2233",">= 27 Months","Distractor",0.0973383838383838,0.0407060606060606,0.0424537457912458
"2233",">= 27 Months","Signer",0.286993321588781,0.092078732587311,0.121185957615369
"2233",">= 27 Months","Target",0.615668294572835,0.116476587512552,0.0993516997459979
"2233","Adults","Distractor",0.01046918767507,0.01046918767507,0.0130952380952381
"2233","Adults","Signer",0.509228194195023,0.166252902941336,0.172550473750682
"2233","Adults","Target",0.480302618129907,0.174470572484814,0.175832006504278
"2267","< 27 Months","Distractor",0.158711484593838,0.0724821428571429,0.0831029411764706
"2267","< 27 Months","Signer",0.357875816993464,0.120899276377218,0.126360177404295
"2267","< 27 Months","Target",0.483412698412698,0.0968648459383754,0.0757560690943043
"2267",">= 27 Months","Distractor",0.0941777586342804,0.0386287615363702,0.0428371841524016
"2267",">= 27 Months","Signer",0.290731477167965,0.0982292031442714,0.12555515536254
"2267",">= 27 Months","Target",0.615090764197755,0.129107378986695,0.107367705301156
"2267","Adults","Distractor",0.0105248917748918,0.0105248917748918,0.0133928571428571
"2267","Adults","Signer",0.520725281809365,0.1673361657246,0.162516759444945
"2267","Adults","Target",0.468749826415743,0.158399726623294,0.170284669931027
"2300","< 27 Months","Distractor",0.169590843330339,0.0746714297607155,0.0812970118117177
"2300","< 27 Months","Signer",0.353571638445588,0.12113609604681,0.126510217723453
"2300","< 27 Months","Target",0.476837518224073,0.0887024809923969,0.0728049628942486
"2300",">= 27 Months","Distractor",0.112753469415873,0.0422591376251862,0.0446550333132814
"2300",">= 27 Months","Signer",0.290324801418152,0.0969614213933268,0.117410907424015
"2300",">= 27 Months","Target",0.596921729165975,0.111015634514675,0.108641481263124
"2300","Adults","Distractor",0.0128110888752053,0.0107277555418719,0.0132395095699918
"2300","Adults","Signer",0.52562666618606,0.180542839260131,0.176303513946413
"2300","Adults","Target",0.461562244938735,0.164247421705919,0.173964785207016
"2333","< 27 Months","Distractor",0.169724921068906,0.0796567107704326,0.0832367393727826
"2333","< 27 Months","Signer",0.36247855840901,0.128118713992774,0.124091880472285
"2333","< 27 Months","Target",0.467796520522084,0.0787336034892426,0.0805466995410604
"2333",">= 27 Months","Distractor",0.119030009951063,0.0368486484275958,0.037460374664322
"2333",">= 27 Months","Signer",0.295704957810221,0.0907455561008193,0.104308137890375
"2333",">= 27 Months","Target",0.585265032238716,0.117015129363814,0.0979911232773075
"2333","Adults","Distractor",0.0127304147465438,0.0109447004608295,0.0136232718894009
"2333","Adults","Signer",0.534534711582979,0.167257163932952,0.178718038891382
"2333","Adults","Target",0.452734873670477,0.167958669448463,0.168830267618581
"2367","< 27 Months","Distractor",0.14775730535129,0.074439636178358,0.0830560673662177
"2367","< 27 Months","Signer",0.37004182847228,0.124066096732215,0.118132211538461
"2367","< 27 Months","Target",0.48220086617643,0.0983103362802611,0.10906166084855
"2367",">= 27 Months","Distractor",0.123326565247618,0.0390141981556455,0.039165029342003
"2367",">= 27 Months","Signer",0.285939094044357,0.089568666421298,0.109618733216102
"2367",">= 27 Months","Target",0.590734340708025,0.11168504784689,0.0930095899957742
"2367","Adults","Distractor",0.0130039837701128,0.0109878547378547,0.0136033312192586
"2367","Adults","Signer",0.549290177698131,0.179638363046699,0.178269983169768
"2367","Adults","Target",0.437705838531756,0.164621223107527,0.16769740747758
"2400","< 27 Months","Distractor",0.138535501613233,0.0699182819981139,0.0835213665885935
"2400","< 27 Months","Signer",0.403843751952996,0.104037281579298,0.110645119353102
"2400","< 27 Months","Target",0.457620746433772,0.0860304443747196,0.088550965257898
"2400",">= 27 Months","Distractor",0.125855280197385,0.037255652364205,0.0416329503829504
"2400",">= 27 Months","Signer",0.284935383101018,0.08297290733146,0.102950479330897
"2400",">= 27 Months","Target",0.589209336701597,0.10387597140132,0.0899762666670563
"2400","Adults","Distractor",0.01079075957413,0.01079075957413,0.0151011044017162
"2400","Adults","Signer",0.560996961382894,0.177884020870881,0.162855749273701
"2400","Adults","Target",0.428212279042976,0.167825781364596,0.166822848722442
"2433","< 27 Months","Distractor",0.1213488472312,0.0673069227691076,0.0745136054421768
"2433","< 27 Months","Signer",0.424088789361899,0.106944452781112,0.117341907917013
"2433","< 27 Months","Target",0.454562363406901,0.0853069977991196,0.0847900660264105
"2433",">= 27 Months","Distractor",0.130801494659551,0.0412699561095341,0.0417083387461264
"2433",">= 27 Months","Signer",0.287947453749244,0.0792283988697671,0.088503713683541
"2433",">= 27 Months","Target",0.581251051591205,0.101415491921406,0.0925526314762248
"2433","Adults","Distractor",0.0103709508881923,0.0103709508881923,0.0124108542319749
"2433","Adults","Signer",0.566004816608106,0.16835334136338,0.171826988889425
"2433","Adults","Target",0.423624232503701,0.16438113414765,0.174655764245521
"2467","< 27 Months","Distractor",0.121700215848823,0.0633502681774464,0.0794322114810836
"2467","< 27 Months","Signer",0.424609699480332,0.115119190219948,0.119216364278505
"2467","< 27 Months","Target",0.453690084670845,0.0894894457783113,0.101475645217601
"2467",">= 27 Months","Distractor",0.134714128781634,0.0418517491968579,0.0413140466036633
"2467",">= 27 Months","Signer",0.304541328871992,0.0795890479445971,0.0997118258150866
"2467",">= 27 Months","Target",0.560744542346373,0.0879395764789072,0.0801140535930295
"2467","Adults","Distractor",0.0107142857142857,0.0107142857142857,0.0130952380952381
"2467","Adults","Signer",0.578496690199118,0.178969673763855,0.167355813464265
"2467","Adults","Target",0.410789024086596,0.15124216783816,0.169346042883604
"2500","< 27 Months","Distractor",0.120888663157571,0.0663550420168067,0.076530612244898
"2500","< 27 Months","Signer",0.427166687187696,0.126328310170222,0.11566006402561
"2500","< 27 Months","Target",0.451944649654734,0.0932468237294918,0.0933863994315675
"2500",">= 27 Months","Distractor",0.137481456165667,0.0464878452444242,0.0465169077998025
"2500",">= 27 Months","Signer",0.311037087668667,0.0763554735956052,0.098981508063087
"2500",">= 27 Months","Target",0.551481456165667,0.095115941368573,0.0826072991822993
"2500","Adults","Distractor",0.0106470814132104,0.0106470814132104,0.0110831893241167
"2500","Adults","Signer",0.582257599388322,0.165449016031144,0.160510219634449
"2500","Adults","Target",0.407095319198468,0.154959205369536,0.165289950615663
"2533","< 27 Months","Distractor",0.116619647859144,0.0671259503801521,0.0822734093637454
"2533","< 27 Months","Signer",0.434281712685074,0.120535214085634,0.130097038815526
"2533","< 27 Months","Target",0.449098639455782,0.10959506302521,0.110924519807923
"2533",">= 27 Months","Distractor",0.138180332253559,0.0502671711393107,0.0491639040783777
"2533",">= 27 Months","Signer",0.32841378838478,0.0749905761118677,0.0916035902503293
"2533",">= 27 Months","Target",0.533405879361661,0.0776418081139258,0.0778515294256529
"2533","Adults","Distractor",0.0107758620689655,0.0107758620689655,0.0129310344827586
"2533","Adults","Signer",0.589083240224096,0.158852014854388,0.168164178513666
"2533","Adults","Target",0.400140897706938,0.161350596785986,0.17093748854719
"2567","< 27 Months","Distractor",0.115064487333395,0.0665732959850607,0.0814087686356594
"2567","< 27 Months","Signer",0.444816259837268,0.119550403494731,0.128065976390556
"2567","< 27 Months","Target",0.440119252829337,0.103477766106443,0.10529457937021
"2567",">= 27 Months","Distractor",0.125874061526235,0.0473089800698496,0.0516282493673798
"2567",">= 27 Months","Signer",0.341064663195098,0.0832130115858377,0.0903969409415062
"2567",">= 27 Months","Target",0.533061275278667,0.0951564271075142,0.0852881558859819
"2567","Adults","Distractor",0.00847701149425287,0.00847701149425287,0.012503591954023
"2567","Adults","Signer",0.604655095731297,0.167514454528096,0.162770599842965
"2567","Adults","Target",0.38686789277445,0.161475578740623,0.16228442471569
"2600","< 27 Months","Distractor",0.110320484469091,0.0622193492781728,0.0728466528311729
"2600","< 27 Months","Signer",0.439853876773381,0.115439425770308,0.137009605461618
"2600","< 27 Months","Target",0.449825638757527,0.100070871465995,0.111916109561233
"2600",">= 27 Months","Distractor",0.134001115843221,0.055295340624288,0.058581415660363
"2600",">= 27 Months","Signer",0.343656828780668,0.0778202807970609,0.0837076175028961
"2600",">= 27 Months","Target",0.522342055376111,0.0805466008306566,0.0732077955584148
"2600","Adults","Distractor",0.00862068965517241,0.00862068965517241,0.0129310344827586
"2600","Adults","Signer",0.61136471469759,0.161964495042779,0.163762285861119
"2600","Adults","Target",0.380014595647238,0.14941413826947,0.173983139478509
"2633","< 27 Months","Distractor",0.123557422969188,0.0580990896358543,0.0612335434173669
"2633","< 27 Months","Signer",0.455796985460851,0.119465752967854,0.122496765372816
"2633","< 27 Months","Target",0.420645591569961,0.0936112945178072,0.0991525776977457
"2633",">= 27 Months","Distractor",0.129276062102149,0.0562845397356267,0.057419644968558
"2633",">= 27 Months","Signer",0.351135855477288,0.0733353942696974,0.083369309186125
"2633",">= 27 Months","Target",0.519588082420563,0.0823885771091653,0.0853447491518144
"2633","Adults","Distractor",0.00863095238095238,0.00863095238095238,0.012797619047619
"2633","Adults","Signer",0.617262124082125,0.184123385947983,0.168335778980051
"2633","Adults","Target",0.374106923536922,0.145128039453952,0.156499895397529
"2667","< 27 Months","Distractor",0.128886221155129,0.0545726123782846,0.056375350140056
"2667","< 27 Months","Signer",0.454889955982393,0.117302287581699,0.131694294384421
"2667","< 27 Months","Target",0.416223822862478,0.111104875283447,0.0954259370414832
"2667",">= 27 Months","Distractor",0.129155184589967,0.0504758775845732,0.0560617518552301
"2667",">= 27 Months","Signer",0.361027925612325,0.0747861407560896,0.0775712505028361
"2667",">= 27 Months","Target",0.509816889797708,0.0807657105019637,0.0722220894928695
"2667","Adults","Distractor",0.0108124253285544,0.0108124253285544,0.012962962962963
"2667","Adults","Signer",0.617089375771331,0.154298785122248,0.154826610569743
"2667","Adults","Target",0.372098198900114,0.159032156391342,0.171265203024276
"2700","< 27 Months","Distractor",0.114061981067731,0.0539403119547414,0.0504004628167056
"2700","< 27 Months","Signer",0.474644149157639,0.120590446198722,0.13355593856976
"2700","< 27 Months","Target",0.411293869774631,0.111282638055222,0.107503122706573
"2700",">= 27 Months","Distractor",0.128182204663449,0.0488266421522495,0.0521816456234082
"2700",">= 27 Months","Signer",0.364945016176115,0.0707727894453901,0.083251046960286
"2700",">= 27 Months","Target",0.506872779160436,0.074790767117586,0.082954794404182
"2700","Adults","Distractor",0.0108124253285544,0.0108124253285544,0.0123655913978495
"2700","Adults","Signer",0.622795129851581,0.186223737335128,0.157467187172328
"2700","Adults","Target",0.366392444819864,0.161917635077917,0.170803569266271
"2733","< 27 Months","Distractor",0.126878926027533,0.0653904145390213,0.0748217243283033
"2733","< 27 Months","Signer",0.486216505372852,0.131263766226034,0.123365573087903
"2733","< 27 Months","Target",0.386904568599615,0.105440958680123,0.11371778601945
"2733",">= 27 Months","Distractor",0.127334267040149,0.0553803475935829,0.0544163907987437
"2733",">= 27 Months","Signer",0.364739824159329,0.0716617387385576,0.07685548290289
"2733",">= 27 Months","Target",0.507925908800522,0.0895842407936061,0.0807196129249147
"2733","Adults","Distractor",0.0106470814132104,0.0106470814132104,0.0128016993087558
"2733","Adults","Signer",0.630366078813659,0.171309339182323,0.164701596286778
"2733","Adults","Target",0.35898683977313,0.158889688940092,0.16551064006558
"2767","< 27 Months","Distractor",0.113048113982435,0.0579303695162276,0.0736665916366546
"2767","< 27 Months","Signer",0.504079000021061,0.11734962406015,0.121438141045892
"2767","< 27 Months","Target",0.382872885996504,0.107786989795918,0.107022947336829
"2767",">= 27 Months","Distractor",0.12249299719888,0.0567668067226891,0.0652016806722689
"2767",">= 27 Months","Signer",0.358477197896703,0.069344669885498,0.0715704211509166
"2767",">= 27 Months","Target",0.519029804904418,0.089218625608138,0.0814853801169589
"2767","Adults","Distractor",0.0106470814132104,0.0106470814132104,0.0125
"2767","Adults","Signer",0.639465426689165,0.172133447166613,0.158105852286483
"2767","Adults","Target",0.349887491897625,0.157545695683144,0.166142350248347
"2800","< 27 Months","Distractor",0.114130365064686,0.0602904385438386,0.067647657148984
"2800","< 27 Months","Signer",0.501187843558476,0.113416455098786,0.123541527855161
"2800","< 27 Months","Target",0.384681791376838,0.114228882940736,0.115727068339297
"2800",">= 27 Months","Distractor",0.121458911458911,0.060013949013949,0.0578912106412106
"2800",">= 27 Months","Signer",0.366551074198133,0.0676215870186458,0.0708055131143366
"2800",">= 27 Months","Target",0.511990014342956,0.0964243131596073,0.0909022698434463
"2800","Adults","Distractor",0.0106470814132104,0.0106470814132104,0.012797619047619
"2800","Adults","Signer",0.639703632451268,0.183680780080036,0.166774837249163
"2800","Adults","Target",0.349649286135522,0.149691957465474,0.158172228345148
"2833","< 27 Months","Distractor",0.108966481329374,0.0556122975505992,0.066907243160422
"2833","< 27 Months","Signer",0.511098171325947,0.123372962821492,0.139132264149679
"2833","< 27 Months","Target",0.379935347344679,0.127638139585978,0.13654463878853
"2833",">= 27 Months","Distractor",0.115446152288258,0.0514568545489598,0.0528662881952355
"2833",">= 27 Months","Signer",0.368342622289991,0.0691862908047119,0.0724560232652338
"2833",">= 27 Months","Target",0.516211225421752,0.0956738497856919,0.0869179353784617
"2833","Adults","Distractor",0.00855861671698713,0.00855861671698713,0.0106368186874305
"2833","Adults","Signer",0.643679926500299,0.167589644306758,0.163363727105456
"2833","Adults","Target",0.347761456782714,0.160354292596837,0.170913809176043
"2867","< 27 Months","Distractor",0.128020717749796,0.0618256418493424,0.0639779157960651
"2867","< 27 Months","Signer",0.533015423835545,0.12782824422862,0.145980874806063
"2867","< 27 Months","Target",0.338963858414659,0.13646389910079,0.138049340669682
"2867",">= 27 Months","Distractor",0.124042367257022,0.0522711719633804,0.0520032149223325
"2867",">= 27 Months","Signer",0.366482142919191,0.0774905887217548,0.0763092364936405
"2867",">= 27 Months","Target",0.509475489823787,0.100021248717456,0.0986054140289822
"2867","Adults","Distractor",0.00841493855606759,0.00841493855606759,0.010135488671275
"2867","Adults","Signer",0.650149962268002,0.176741023519664,0.173100234551214
"2867","Adults","Target",0.341435099175931,0.149406698240037,0.163750867299786
"2900","< 27 Months","Distractor",0.132672684458399,0.0585900706436421,0.0681711963631605
"2900","< 27 Months","Signer",0.528293432757718,0.124726337650445,0.141013540031397
"2900","< 27 Months","Target",0.339033882783883,0.127401229722658,0.126753908294087
"2900",">= 27 Months","Distractor",0.12542629197428,0.0521863737397793,0.0545834680025857
"2900",">= 27 Months","Signer",0.374444797548513,0.0698667623226447,0.0778807595483292
"2900",">= 27 Months","Target",0.500128910477208,0.0991816012075299,0.0995066242022511
"2900","Adults","Distractor",0.00849761051373955,0.00849761051373955,0.0104838709677419
"2900","Adults","Signer",0.65150825587021,0.179209497215308,0.165902782681424
"2900","Adults","Target",0.33999413361605,0.147528999070804,0.170890892465904
"2933","< 27 Months","Distractor",0.15329792274668,0.0594233756452312,0.0631092843922813
"2933","< 27 Months","Signer",0.494365701586198,0.125558184698324,0.133503527399102
"2933","< 27 Months","Target",0.352336375667121,0.113882965399852,0.137537384436647
"2933",">= 27 Months","Distractor",0.114832740359056,0.0484467374730533,0.0531057714215609
"2933",">= 27 Months","Signer",0.389650607676923,0.0844908989645831,0.0820625372434583
"2933",">= 27 Months","Target",0.49551665196402,0.0970779225647647,0.0996394896526476
"2933","Adults","Distractor",0.0101510496671787,0.00813492063492064,0.0104859110983103
"2933","Adults","Signer",0.657544847274449,0.16388843679359,0.166908939125347
"2933","Adults","Target",0.332304103058372,0.147435297035481,0.175653228955974
"2967","< 27 Months","Distractor",0.155206400742115,0.0638463718820862,0.0671870168521954
"2967","< 27 Months","Signer",0.494988146773861,0.127532016594517,0.123267754071326
"2967","< 27 Months","Target",0.349805452484024,0.116125863224078,0.135835555813234
"2967",">= 27 Months","Distractor",0.119854837380637,0.049045910695485,0.0551984243014945
"2967",">= 27 Months","Signer",0.391950737409974,0.0770716880585302,0.087738603415848
"2967",">= 27 Months","Target",0.488194425209389,0.0949069395612224,0.100041045374379
"2967","Adults","Distractor",0.0101412835249042,0.00805795019157088,0.0104885057471264
"2967","Adults","Signer",0.662418412104011,0.175846977031308,0.168376459690861
"2967","Adults","Target",0.327440304371085,0.154292937549688,0.172746729162487
"3000","< 27 Months","Distractor",0.165864076399791,0.061640518707483,0.0631444270015699
"3000","< 27 Months","Signer",0.491482208267923,0.116785714285714,0.11478656462585
"3000","< 27 Months","Target",0.342653715332287,0.0837710622710623,0.105369897959184
"3000",">= 27 Months","Distractor",0.119269115053429,0.0459204014939309,0.0557339065255732
"3000",">= 27 Months","Signer",0.399520932952306,0.0707812037272822,0.0782525063897613
"3000",">= 27 Months","Target",0.481209951994266,0.0903365517924342,0.0895370629733374
"3000","Adults","Distractor",0.0104115353037767,0.00832820197044335,0.0108579638752053
"3000","Adults","Signer",0.669936122072278,0.172479304798809,0.160033847563957
"3000","Adults","Target",0.319652342623945,0.154258495687882,0.15682001788873
"3033","< 27 Months","Distractor",0.16984043617447,0.0640845713285314,0.0662593162264906
"3033","< 27 Months","Signer",0.504006602641056,0.112674319727891,0.10859868947579
"3033","< 27 Months","Target",0.326152961184474,0.0983225790316127,0.109790916366547
"3033",">= 27 Months","Distractor",0.119905085168243,0.0503297579613369,0.0580625670625671
"3033",">= 27 Months","Signer",0.403020713949507,0.0662739785154646,0.0681319978611
"3033",">= 27 Months","Target",0.47707420088225,0.0833176986555469,0.0772670867001363
"3033","Adults","Distractor",0.0105358953926398,0.00830375253549696,0.0108528325123153
"3033","Adults","Signer",0.673937050348504,0.165384612931658,0.146521400487463
"3033","Adults","Target",0.315527054258856,0.145226340579841,0.15814985181364
"3067","< 27 Months","Distractor",0.171139455782313,0.0650229591836735,0.0694400510204081
"3067","< 27 Months","Signer",0.50562074829932,0.115646471088435,0.105699829931973
"3067","< 27 Months","Target",0.323239795918367,0.0993675595238095,0.105825680272109
"3067",">= 27 Months","Distractor",0.125837180248945,0.054312660922955,0.0593746229260935
"3067",">= 27 Months","Signer",0.413457797010227,0.0647030254603784,0.0696863844216785
"3067",">= 27 Months","Target",0.460705022740828,0.0859182934570403,0.0856470681492421
"3067","Adults","Distractor",0.00630252100840336,0.00630252100840336,0.00709033613445378
"3067","Adults","Signer",0.67776352988936,0.174111297750781,0.160354061672699
"3067","Adults","Target",0.315933949102237,0.152434347776867,0.161213872068726
"3100","< 27 Months","Distractor",0.169575727067963,0.0627325223947895,0.0685260482271352
"3100","< 27 Months","Signer",0.526634157767698,0.135226901075115,0.111072675706798
"3100","< 27 Months","Target",0.303790115164339,0.0929312787367912,0.118494235448816
"3100",">= 27 Months","Distractor",0.134447020700891,0.0574486935922695,0.05961765413236
"3100",">= 27 Months","Signer",0.414377104053373,0.0659101719299929,0.0767818878181141
"3100",">= 27 Months","Target",0.451175875245737,0.0787149567776166,0.0849139441563557
"3100","Adults","Distractor",0.00415305010893246,0.00415305010893246,0.00599128540305011
"3100","Adults","Signer",0.679007609510456,0.156424609035941,0.146484123647015
"3100","Adults","Target",0.316839340380612,0.147057749663893,0.160802594122091
"3133","< 27 Months","Distractor",0.17291851523218,0.0674403837622005,0.059953231292517
"3133","< 27 Months","Signer",0.524049837326235,0.12145371191955,0.119478057527359
"3133","< 27 Months","Target",0.303031647441585,0.0982768596569062,0.123092927388347
"3133",">= 27 Months","Distractor",0.13098607511651,0.0553747693530302,0.0590825895119373
"3133",">= 27 Months","Signer",0.431570022697025,0.0698675711365929,0.0724882999183629
"3133",">= 27 Months","Target",0.437443902186465,0.0853521840213774,0.0810251755829557
"3133","Adults","Distractor",0.00415305010893246,0.00415305010893246,0.00646786492374728
"3133","Adults","Signer",0.68820429498197,0.153339063164574,0.155606447087341
"3133","Adults","Target",0.307642654909098,0.152225112224627,0.161439680903083
"3167","< 27 Months","Distractor",0.165864076399791,0.0597417091836735,0.0656444270015699
"3167","< 27 Months","Signer",0.518008459794174,0.118963718820862,0.104651262428048
"3167","< 27 Months","Target",0.316127463806035,0.0961735947584162,0.110189909297052
"3167",">= 27 Months","Distractor",0.138131313131313,0.0643277417027417,0.0634345238095238
"3167",">= 27 Months","Signer",0.43199112735726,0.0694890681083473,0.0745775955864628
"3167",">= 27 Months","Target",0.429877559511427,0.0760078374460525,0.0827074892435304
"3167","Adults","Distractor",0.00189393939393939,0.00189393939393939,0.00378787878787879
"3167","Adults","Signer",0.688471229003009,0.153724248015386,0.159800120103756
"3167","Adults","Target",0.309634831603052,0.1537340960873,0.163742153103438
"3200","< 27 Months","Distractor",0.160303019809322,0.0729524414660969,0.0707888553148532
"3200","< 27 Months","Signer",0.521322106931351,0.116411051600127,0.0973560650950357
"3200","< 27 Months","Target",0.318374873259327,0.0878698500087681,0.112825584779366
"3200",">= 27 Months","Distractor",0.128708513708514,0.055461038961039,0.0577326839826839
"3200",">= 27 Months","Signer",0.45695317014539,0.0738625697973524,0.0802621610845295
"3200",">= 27 Months","Target",0.414338316146096,0.0789308878256246,0.0778192880092193
"3200","Adults","Distractor",0.001953125,0.001953125,0.00390625
"3200","Adults","Signer",0.691420391749056,0.171898812181805,0.150312288497677
"3200","Adults","Target",0.306626483250944,0.148761900727887,0.164292700872716
"3233","< 27 Months","Distractor",0.168709791608951,0.0669187675070028,0.0713909987071751
"3233","< 27 Months","Signer",0.52285529596454,0.113728991596639,0.0989654323267769
"3233","< 27 Months","Target",0.308434912426509,0.0882698079231693,0.108879763443839
"3233",">= 27 Months","Distractor",0.137110422419347,0.0586512889602134,0.0628273996534866
"3233",">= 27 Months","Signer",0.466694669005882,0.0813434572038691,0.0817326806806212
"3233",">= 27 Months","Target",0.396194908574771,0.0869625915655664,0.0883127992653164
"3233","Adults","Distractor",0.001953125,0.001953125,0.00390625
"3233","Adults","Signer",0.693609027738909,0.164747051495506,0.141691589395324
"3233","Adults","Target",0.304437847261091,0.15667052199033,0.166451047943991
"3267","< 27 Months","Distractor",0.175750729993875,0.0734464611203333,0.0743150002225771
"3267","< 27 Months","Signer",0.544029806438586,0.116907467532468,0.0904437972741543
"3267","< 27 Months","Target",0.28021946356754,0.0951152663862748,0.113356908368795
"3267",">= 27 Months","Distractor",0.154475659521426,0.0621544325239977,0.0612531382085158
"3267",">= 27 Months","Signer",0.468902675847756,0.0787242535623542,0.0868145892373581
"3267",">= 27 Months","Target",0.376621664630818,0.077575991323703,0.0948766572227671
"3267","Adults","Distractor",0.00201612903225806,0.00201612903225806,0.00403225806451613
"3267","Adults","Signer",0.695537284480674,0.158879922571455,0.148314251094526
"3267","Adults","Target",0.302446586487068,0.138402661009171,0.152814918073785
"3300","< 27 Months","Distractor",0.180042639065195,0.0796521691810696,0.0814693999609413
"3300","< 27 Months","Signer",0.545799360414022,0.109876837995964,0.0936145253555967
"3300","< 27 Months","Target",0.274158000520782,0.0846911719233148,0.0987838356036194
"3300",">= 27 Months","Distractor",0.155744348244348,0.0630762085137085,0.0625811688311688
"3300",">= 27 Months","Signer",0.479245398850662,0.0791937545884914,0.0767402898027899
"3300",">= 27 Months","Target",0.36501025290499,0.0849812726260095,0.0900181008075745
"3300","Adults","Distractor",0.00673479000091903,0.00673479000091903,0.00712329691664369
"3300","Adults","Signer",0.693235379210018,0.156716691244758,0.159426551072548
"3300","Adults","Target",0.300029830789063,0.150432684183016,0.155852678754976
"3333","< 27 Months","Distractor",0.179024943310658,0.0767679988662132,0.0787361819727891
"3333","< 27 Months","Signer",0.54754045557617,0.11378868403422,0.0875194547515976
"3333","< 27 Months","Target",0.273434601113173,0.0938328115337044,0.0936785907544836
"3333",">= 27 Months","Distractor",0.152957021192315,0.0681558229352347,0.06330486234898
"3333",">= 27 Months","Signer",0.481971469076732,0.0845146368222993,0.0904187958011487
"3333",">= 27 Months","Target",0.365071509730952,0.0879823284444027,0.102000792236086
"3333","Adults","Distractor",0.00691997518610422,0.00691997518610422,0.00740384615384615
"3333","Adults","Signer",0.691522416247055,0.164961190007389,0.15205343652655
"3333","Adults","Target",0.30155760856684,0.146867354074763,0.169057467802096
"3367","< 27 Months","Distractor",0.193599257884972,0.0779762871057514,0.0875005797773655
"3367","< 27 Months","Signer",0.549199907235622,0.120150838744589,0.104953327922078
"3367","< 27 Months","Target",0.257200834879406,0.0908324636672851,0.0977819650587508
"3367",">= 27 Months","Distractor",0.15564506315987,0.0578553643283923,0.0676015836803375
"3367",">= 27 Months","Signer",0.491951570624676,0.0833071532571465,0.0869089682733175
"3367",">= 27 Months","Target",0.352403366215454,0.0899536449719348,0.0983419626282394
"3367","Adults","Distractor",0.00683094384707288,0.00683094384707288,0.00713142174432497
"3367","Adults","Signer",0.693050194024833,0.160662824412665,0.149879045899963
"3367","Adults","Target",0.300118862128094,0.149443051534785,0.157103667887106
"3400","< 27 Months","Distractor",0.183225108225108,0.0761444805194805,0.0821428571428571
"3400","< 27 Months","Signer",0.552417027417027,0.114439033189033,0.0982025613275613
"3400","< 27 Months","Target",0.264357864357864,0.0945292207792208,0.0996329365079365
"3400",">= 27 Months","Distractor",0.163467232963464,0.0613385991199291,0.061943185047405
"3400",">= 27 Months","Signer",0.489824275262087,0.0732337154088316,0.0790091616046741
"3400",">= 27 Months","Target",0.34670849177445,0.0952106949326629,0.0990153685137194
"3400","Adults","Distractor",0.00673479000091903,0.00673479000091903,0.00721455403915081
"3400","Adults","Signer",0.697624282663942,0.146035455803584,0.153760229338888
"3400","Adults","Target",0.295640927335139,0.139744027968667,0.160678528425819
"3433","< 27 Months","Distractor",0.170317840054682,0.0781040669856459,0.0832305194805195
"3433","< 27 Months","Signer",0.570213141077803,0.0903057155876705,0.0916516534843602
"3433","< 27 Months","Target",0.259469018867515,0.0888845083487941,0.0903809306816826
"3433",">= 27 Months","Distractor",0.173244348244348,0.0675338504088504,0.0696334175084175
"3433",">= 27 Months","Signer",0.479349446849447,0.0708497174122175,0.0804411676286677
"3433",">= 27 Months","Target",0.347406204906205,0.095847132034632,0.100759078884079
"3433","Adults","Distractor",0.00673479000091903,0.00673479000091903,0.00721455403915081
"3433","Adults","Signer",0.698700741300885,0.16587555364677,0.156484019511662
"3433","Adults","Target",0.294564468698196,0.139330486249635,0.163723745927027
"3467","< 27 Months","Distractor",0.172585413750827,0.0721549205806725,0.0807507472686044
"3467","< 27 Months","Signer",0.566925159218392,0.0915306529310288,0.0914649041434756
"3467","< 27 Months","Target",0.26048942703078,0.084565553494125,0.0862620295327062
"3467",">= 27 Months","Distractor",0.174717464500073,0.0630600570926658,0.0655264602547211
"3467",">= 27 Months","Signer",0.478059424472468,0.0744235732061819,0.0754726770813727
"3467",">= 27 Months","Target",0.347223111027459,0.0859273819980342,0.0995009371666981
"3467","Adults","Distractor",0.00667178596866097,0.00667178596866097,0.00712250712250712
"3467","Adults","Signer",0.70075419562205,0.175242010023055,0.151992851407584
"3467","Adults","Target",0.292574018409289,0.140731085657601,0.1430735107307
"3500","< 27 Months","Distractor",0.175114171542743,0.0874951239236954,0.0757240973312401
"3500","< 27 Months","Signer",0.576117136831423,0.102783288140431,0.092885903778761
"3500","< 27 Months","Target",0.248768691625834,0.0839302562516848,0.0899926462426462
"3500",">= 27 Months","Distractor",0.178443821973234,0.0705278944911298,0.0723061780267663
"3500",">= 27 Months","Signer",0.497776221599751,0.0740178960473077,0.0814764239028944
"3500",">= 27 Months","Target",0.323779956427015,0.0884827264239029,0.0937826019296608
"3500","Adults","Distractor",0.00676793981481482,0.00676793981481482,0.00713425925925926
"3500","Adults","Signer",0.70248515871138,0.1582301017495,0.143610779595641
"3500","Adults","Target",0.290746901473806,0.15395934075413,0.158062378167641
"3533","< 27 Months","Distractor",0.176113172541744,0.0843881416202845,0.081575061842919
"3533","< 27 Months","Signer",0.581112141826428,0.0998996340960627,0.0869636415172129
"3533","< 27 Months","Target",0.242774685631828,0.0853553391053391,0.0727445372088229
"3533",">= 27 Months","Distractor",0.180676937441643,0.0692203937130408,0.0767729925303455
"3533",">= 27 Months","Signer",0.514674758792406,0.0821043417366947,0.0766163243075008
"3533",">= 27 Months","Target",0.304648303765951,0.0787546296296296,0.090110410830999
"3533","Adults","Distractor",0.00676793981481482,0.00676793981481482,0.00730635127314815
"3533","Adults","Signer",0.702398320262472,0.157890687702882,0.140102168547256
"3533","Adults","Target",0.290833739922713,0.151044424225625,0.174088139540507
"3567","< 27 Months","Distractor",0.179143475572047,0.0748917748917749,0.082777133580705
"3567","< 27 Months","Signer",0.577580043181547,0.0985846515639749,0.0909383849233472
"3567","< 27 Months","Target",0.243276481246406,0.079737520207445,0.0749621212121212
"3567",">= 27 Months","Distractor",0.1836553356058,0.0701924065213539,0.0698346128988543
"3567",">= 27 Months","Signer",0.513091224794011,0.0660774649040903,0.0680740576932527
"3567",">= 27 Months","Target",0.303253439600189,0.0757106164103068,0.0762102441189129
"3567","Adults","Distractor",0.00683094384707288,0.00683094384707288,0.00854838709677419
"3567","Adults","Signer",0.702542349816349,0.170138378250037,0.138661251808319
"3567","Adults","Target",0.290626706336578,0.143512475433636,0.156784807101218
"3600","< 27 Months","Distractor",0.182142857142857,0.0773809523809524,0.0833630952380952
"3600","< 27 Months","Signer",0.571248196248196,0.0950622294372295,0.0906935425685426
"3600","< 27 Months","Target",0.246608946608947,0.080755772005772,0.0722258297258296
"3600",">= 27 Months","Distractor",0.188774722010016,0.0712231347084288,0.0676650645106527
"3600",">= 27 Months","Signer",0.52857753415029,0.077066799500236,0.0747335086081217
"3600",">= 27 Months","Target",0.282647743839694,0.0770648844333055,0.0866657441285924
"3600","Adults","Distractor",0.00744953416149068,0.00744953416149068,0.00798524844720497
"3600","Adults","Signer",0.694433298258757,0.159850051991013,0.152954438479492
"3600","Adults","Target",0.298117167579752,0.153931032574776,0.162973115267471
"3633","< 27 Months","Distractor",0.173809523809524,0.0738690476190476,0.0833928571428571
"3633","< 27 Months","Signer",0.576803751803752,0.0895066738816739,0.0865827922077922
"3633","< 27 Months","Target",0.249386724386724,0.0878887085137085,0.0871212121212121
"3633",">= 27 Months","Distractor",0.19099304261843,0.0728414863287154,0.0790831058632916
"3633",">= 27 Months","Signer",0.526380099089077,0.0780193420270821,0.0794935601034671
"3633",">= 27 Months","Target",0.282626858292493,0.0910177099016108,0.0867372352449751
"3633","Adults","Distractor",0.00774475524475524,0.00774475524475524,0.00818181818181818
"3633","Adults","Signer",0.703544883038418,0.158985930815672,0.146330165703549
"3633","Adults","Target",0.288710361716827,0.147970611763715,0.163989295347054
"3667","< 27 Months","Distractor",0.183339577089577,0.0681385281385282,0.0819675116550116
"3667","< 27 Months","Signer",0.577384421134421,0.0891577866577866,0.0808909146409146
"3667","< 27 Months","Target",0.239276001776002,0.0856705447330447,0.078184731934732
"3667",">= 27 Months","Distractor",0.201736188361575,0.0800618510030275,0.0792226332319211
"3667",">= 27 Months","Signer",0.517039523943549,0.0708461572826898,0.0754298692363709
"3667",">= 27 Months","Target",0.281224287694876,0.0912414670812504,0.0857310883417694
"3667","Adults","Distractor",0.00797619047619048,0.00797619047619048,0.00845238095238095
"3667","Adults","Signer",0.704601775539275,0.168414434523809,0.154788366147741
"3667","Adults","Target",0.287422033984534,0.157148199023199,0.162022311889499
"3700","< 27 Months","Distractor",0.184340659340659,0.0754269688644689,0.0779910714285714
"3700","< 27 Months","Signer",0.570070207570208,0.0978231837606837,0.0873115079365079
"3700","< 27 Months","Target",0.245589133089133,0.0867101648351648,0.0869059065934066
"3700",">= 27 Months","Distractor",0.196813027587021,0.0735415661050336,0.0744258673329881
"3700",">= 27 Months","Signer",0.525502698196197,0.0762900678612753,0.0767683379571924
"3700",">= 27 Months","Target",0.277684274216782,0.0838904253641095,0.0891992514422855
"3700","Adults","Distractor",0.00844655797101449,0.00844655797101449,0.00908514492753623
"3700","Adults","Signer",0.70418942219214,0.161052677382501,0.152895648220037
"3700","Adults","Target",0.287364019836846,0.157396956593628,0.159997735507246
"3733","< 27 Months","Distractor",0.15294810231785,0.0619047619047619,0.0649123110782774
"3733","< 27 Months","Signer",0.597886334020788,0.117142190209417,0.102994531145792
"3733","< 27 Months","Target",0.249165563661362,0.0798755976749674,0.0838635261797027
"3733",">= 27 Months","Distractor",0.199982869441074,0.0749292729687467,0.0774725380255566
"3733",">= 27 Months","Signer",0.512259041268329,0.0743082914677342,0.076966106820596
"3733",">= 27 Months","Target",0.287758089290597,0.0789471738987993,0.0921841635889624
"3733","Adults","Distractor",0.00584239130434783,0.00584239130434783,0.00896739130434783
"3733","Adults","Signer",0.708574316183012,0.175431199801105,0.14609846461409
"3733","Adults","Target",0.28558329251264,0.152727264369588,0.168730359440278
"3767","< 27 Months","Distractor",0.160020931449503,0.0661646389324961,0.0654843668236525
"3767","< 27 Months","Signer",0.599265218908076,0.10125779478458,0.108606150793651
"3767","< 27 Months","Target",0.240713849642421,0.0818771258503402,0.0825987702773417
"3767",">= 27 Months","Distractor",0.196648471354354,0.0653366611601906,0.0643086918528095
"3767",">= 27 Months","Signer",0.512949316478728,0.0741235545500251,0.0746180660298308
"3767",">= 27 Months","Target",0.290402212166918,0.0730978955684838,0.0869920634920635
"3767","Adults","Distractor",0.00881313131313131,0.00881313131313131,0.0100757575757576
"3767","Adults","Signer",0.708082126207126,0.152835778804529,0.14878188218032
"3767","Adults","Target",0.283104742479742,0.14285853035853,0.15729073010323
"3800","< 27 Months","Distractor",0.137388801674516,0.0710622710622711,0.0776824960753532
"3800","< 27 Months","Signer",0.611654020582592,0.107137842316414,0.122318539595325
"3800","< 27 Months","Target",0.250957177742892,0.0792217752485609,0.0811782661782662
"3800",">= 27 Months","Distractor",0.187870915347696,0.0705800685096351,0.0767196397227357
"3800",">= 27 Months","Signer",0.526334706172167,0.0900565079270574,0.0869791898990815
"3800",">= 27 Months","Target",0.285794378480137,0.0767123250559783,0.0789719526474557
"3800","Adults","Distractor",0.00955253896430367,0.00955253896430367,0.0106209150326797
"3800","Adults","Signer",0.708732076303208,0.159011607586875,0.149290450642353
"3800","Adults","Target",0.281715384732488,0.155784137703995,0.156143822809224
"3833","< 27 Months","Distractor",0.147966109520731,0.0718994328500631,0.0702546018407363
"3833","< 27 Months","Signer",0.607088045008213,0.11158205852271,0.120950255102041
"3833","< 27 Months","Target",0.244945845471056,0.0687254141166956,0.0823842946269417
"3833",">= 27 Months","Distractor",0.168316341381357,0.0632807256955864,0.0683648223121907
"3833",">= 27 Months","Signer",0.531878590392522,0.0845450116618847,0.0867582795601373
"3833",">= 27 Months","Target",0.299805068226121,0.0869873543209456,0.0842861285314845
"3833","Adults","Distractor",0.0126694775132275,0.00969328703703704,0.0115136202050265
"3833","Adults","Signer",0.707133511617207,0.16607227326317,0.150669193553025
"3833","Adults","Target",0.280197010869565,0.140242017663043,0.16485450634058
"3867","< 27 Months","Distractor",0.145513205282113,0.0711355792316927,0.0748146758703481
"3867","< 27 Months","Signer",0.608173269307723,0.129597714085634,0.119717261904762
"3867","< 27 Months","Target",0.246313525410164,0.0732749349739896,0.0730633503401361
"3867",">= 27 Months","Distractor",0.171319214554509,0.0647279977647625,0.0674222795178678
"3867",">= 27 Months","Signer",0.518478482302012,0.0828488349885409,0.0796739453357099
"3867",">= 27 Months","Target",0.31020230314348,0.0803023795376737,0.0868581119316413
"3867","Adults","Distractor",0.0135407964355333,0.0102513227513228,0.0123494500139237
"3867","Adults","Signer",0.709709327889559,0.158623351907983,0.153800365572748
"3867","Adults","Target",0.276749875674908,0.145717833102444,0.153934093640475
"3900","< 27 Months","Distractor",0.145762955531863,0.0658171590314447,0.0707067057592267
"3900","< 27 Months","Signer",0.630764298726484,0.130421361726509,0.136685249274535
"3900","< 27 Months","Target",0.223472745741653,0.077377769289534,0.0821284536541889
"3900",">= 27 Months","Distractor",0.178906006847183,0.0715585511982571,0.079459656084656
"3900",">= 27 Months","Signer",0.514513694366636,0.0795829637410519,0.0747274354186119
"3900",">= 27 Months","Target",0.306580298786181,0.0911577380952381,0.0872486577964519
"3900","Adults","Distractor",0.013178228021978,0.013178228021978,0.013954112293956
"3900","Adults","Signer",0.701679165741666,0.164427823334073,0.157991743499556
"3900","Adults","Target",0.285142606236356,0.155931543138574,0.153472727359446
"3933","< 27 Months","Distractor",0.147031539888683,0.0696718460111317,0.0746917517006803
"3933","< 27 Months","Signer",0.626616934652649,0.121421324211503,0.128620709647495
"3933","< 27 Months","Target",0.226351525458668,0.0752182217584003,0.0724815115440116
"3933",">= 27 Months","Distractor",0.181033372945138,0.0778548280423281,0.0776374122881475
"3933",">= 27 Months","Signer",0.496379976232917,0.0803343837535014,0.0782413738222562
"3933",">= 27 Months","Target",0.322586650821945,0.100787224485754,0.0965097915428798
"3933","Adults","Distractor",0.0137547348484848,0.0137547348484848,0.015530303030303
"3933","Adults","Signer",0.70389647967773,0.166078108089827,0.138336668395262
"3933","Adults","Target",0.282348785473785,0.146069662397787,0.141294191919192
"3967","< 27 Months","Distractor",0.140221088435374,0.0732206632653061,0.0890369897959184
"3967","< 27 Months","Signer",0.631972789115646,0.104776785714286,0.115476190476191
"3967","< 27 Months","Target",0.22780612244898,0.0843005952380952,0.0863392857142857
"3967",">= 27 Months","Distractor",0.166752256458139,0.0661855742296919,0.0648734049175226
"3967",">= 27 Months","Signer",0.511433239962652,0.0798405695611579,0.0787294584500466
"3967",">= 27 Months","Target",0.321814503579209,0.0965724789915967,0.0852225723622782
"3967","Adults","Distractor",0.0135416666666667,0.0135416666666667,0.014609375
"3967","Adults","Signer",0.712095497095497,0.164157797064047,0.143307789432789
"3967","Adults","Target",0.274362836237836,0.154059843512969,0.158968464405964
"4000","< 27 Months","Distractor",0.135851648351648,0.0797733516483516,0.090345695970696
"4000","< 27 Months","Signer",0.599450549450549,0.104254807692308,0.101844093406593
"4000","< 27 Months","Target",0.264697802197802,0.0887454212454212,0.0928617216117216
"4000",">= 27 Months","Distractor",0.15952861952862,0.0626602332852333,0.0657930495430495
"4000",">= 27 Months","Signer",0.519112554112554,0.0866847643097642,0.0756727994227994
"4000",">= 27 Months","Target",0.321358826358826,0.0910532708032708,0.0992580567580568
"4000","Adults","Distractor",0.0143127705627706,0.0143127705627706,0.0146103896103896
"4000","Adults","Signer",0.72398464960965,0.145311293451918,0.149867435804936
"4000","Adults","Target",0.26170257982758,0.14011798039923,0.159813479344729
